date,time,color,white,black,opponent,result,opening,eco,termination,time_control,time_class,user_rating,opp_rating,rating_diff,moves,plies,captures,checks,castles,promotions,pawn_moves,piece_moves,link
2025.05.06,16:15:18,black,chessermamii,NafsinFerdous,chessermamii,win,Scotch Game 3...exd4 4.Nxd4 Nxd4 5.Qxd4,C45,NafsinFerdous won by checkmate,10:00,Unknown,574,390,184,46,92,25,8,2,2,23,69,https://www.chess.com/game/live/138171173544
2025.05.08,23:33:43,white,NafsinFerdous,JOEL-1307,JOEL-1307,win,Kings Pawn Opening St George Defense 2.d4 b5 3.Nf3 Bb7,B00,NafsinFerdous won - game abandoned,5:00,Unknown,755,577,178,17,33,5,1,1,0,16,17,https://www.chess.com/game/live/138254421484
2025.05.09,04:06:53,white,NafsinFerdous,shamsdiaa,shamsdiaa,win,Caro Kann Defense 2.Nf3,B10,NafsinFerdous won by checkmate,5:00,Unknown,880,771,109,45,89,22,13,1,0,19,70,https://www.chess.com/game/live/138259025176
2025.05.09,04:16:32,black,Rajiranji,NafsinFerdous,Rajiranji,loss,Sicilian Defense 2.Nf3 d6,B50,Rajiranji won by resignation,5:00,Unknown,788,870,-82,37,73,22,4,2,0,18,55,https://www.chess.com/game/live/138259186504
2025.05.13,17:54:45,black,prsh10,NafsinFerdous,prsh10,win,Closed Sicilian Defense 2...d6,B23,NafsinFerdous won - game abandoned,5:00,Unknown,854,757,97,30,60,16,0,2,0,19,41,https://www.chess.com/game/live/138423095446
2025.05.14,10:24:54,white,NafsinFerdous,rafaelhaurissa,rafaelhaurissa,win,Scotch Game,C45,NafsinFerdous won on time,5:00,Unknown,920,886,34,31,61,17,4,2,0,16,45,https://www.chess.com/game/live/138445223022
2025.05.15,16:59:41,black,yassinjbeli,NafsinFerdous,yassinjbeli,win,Sicilian Defense 2.Nf3 d6 3.Nc3,B50,NafsinFerdous won - game abandoned,10:00,Unknown,695,576,119,21,42,12,2,2,0,13,29,https://www.chess.com/game/live/138493989040
2025.05.15,17:06:00,white,NafsinFerdous,dipen321,dipen321,win,Ruy Lopez Opening,C60,NafsinFerdous won by resignation,10:00,Unknown,777,663,114,59,118,25,14,2,0,29,89,https://www.chess.com/game/live/138494203224
2025.05.15,17:27:21,black,udhejejejzk,NafsinFerdous,udhejejejzk,win,Queens Pawn Opening Zukertort Variation 2...e6,D02,NafsinFerdous won by resignation,10:00,Unknown,845,758,87,23,46,14,1,2,0,12,34,https://www.chess.com/game/live/138494930818
2025.05.15,17:42:36,black,Mac6003,NafsinFerdous,Mac6003,win,English Opening Symmetrical Variation 2.g3,A30,NafsinFerdous won on time,2:00 + 1s,Unknown,1069,858,211,35,70,18,7,2,1,21,49,https://www.chess.com/game/live/138495449882
2025.05.15,19:14:17,white,NafsinFerdous,abdallah1hmid,abdallah1hmid,win,Scotch Game 3...exd4 4.Nxd4 Nxd4 5.Qxd4,C45,NafsinFerdous won - game abandoned,5:00,Unknown,968,893,75,13,25,6,0,2,0,5,20,https://www.chess.com/game/live/138498484804
2025.05.15,19:18:21,black,doc_sos,NafsinFerdous,doc_sos,win,Alapin Sicilian Defense 2...d6,B22,NafsinFerdous won on time,5:00,Unknown,1019,1009,10,30,60,9,3,2,0,14,46,https://www.chess.com/game/live/138498614694
2025.05.15,19:29:58,white,NafsinFerdous,bateau1234,bateau1234,win,French Defense Knight Variation 2...d5 3.exd5,C00,NafsinFerdous won by checkmate,10:00,Unknown,897,778,119,31,61,15,8,2,0,15,46,https://www.chess.com/game/live/138498984036
2025.05.15,19:40:23,black,bateau1234,NafsinFerdous,bateau1234,win,Sicilian Defense 2.d3 d6,B20,NafsinFerdous won by resignation,10:00,Unknown,931,747,184,24,48,9,6,1,0,12,36,https://www.chess.com/game/live/138499308446
2025.05.15,19:45:58,white,NafsinFerdous,bateau1234,bateau1234,loss,Scotch Game 3...d6,C45,bateau1234 won by checkmate,10:00,Unknown,866,806,60,16,32,12,1,1,0,11,21,https://www.chess.com/game/live/138499480732
2025.05.15,19:48:37,black,bateau1234,NafsinFerdous,bateau1234,win,Sicilian Defense 2.d3 d6,B20,NafsinFerdous won by checkmate,10:00,Unknown,900,775,125,23,46,11,7,1,0,14,32,https://www.chess.com/game/live/138499562200
2025.05.15,19:52:11,white,NafsinFerdous,bateau1234,bateau1234,win,Kings Pawn Opening Kings Knight Variation,C40,NafsinFerdous won by resignation,10:00,Unknown,925,752,173,11,22,4,2,1,0,10,12,https://www.chess.com/game/live/138499670894
2025.05.16,06:11:01,white,NafsinFerdous,aish_jannat,aish_jannat,win,Kings Pawn Opening Kings Knight Variation,C40,NafsinFerdous won by resignation,10:00,Unknown,959,898,61,32,63,17,10,0,0,18,45,https://www.chess.com/game/live/138511991836
2025.05.16,06:22:54,black,Yovsha,NafsinFerdous,Yovsha,win,English Opening Symmetrical Variation,A30,NafsinFerdous won by resignation,10:00,Unknown,985,856,129,1,2,0,0,0,0,2,0,https://www.chess.com/game/live/138512237192
2025.05.16,06:32:19,white,NafsinFerdous,SurajitGangai,SurajitGangai,loss,Ruy Lopez Opening Birds Defense 4.Nxd4 exd4 5.d3,C61,SurajitGangai won by checkmate,10:00,Unknown,954,981,-27,26,52,15,3,2,0,14,38,https://www.chess.com/game/live/138512434910
2025.05.16,06:36:07,black,Adrian_3427,NafsinFerdous,Adrian_3427,win,Closed Sicilian Defense Traditional Line 3.Nf3 d6 4.Bb5,B23,NafsinFerdous won by resignation,10:00,Unknown,982,945,37,47,94,23,9,2,0,20,74,https://www.chess.com/game/live/138512514336
2025.05.16,08:30:08,black,Niniola1o,NafsinFerdous,Niniola1o,win,Sicilian Defense Smith Morra Gambit 2...cxd4 3.Qxd4 Nc6,B21,NafsinFerdous won by resignation,10:00,Unknown,1007,965,42,8,16,7,0,0,0,5,11,https://www.chess.com/game/live/138515012450
2025.05.16,08:31:52,white,NafsinFerdous,Niniola1o,Niniola1o,loss,Philidor Defense Exchange Variation...5.Nc3 Be7 6.Bd3 O O 7.O O,C41,Niniola1o won by resignation,10:00,Unknown,980,974,6,44,87,26,4,2,0,18,69,https://www.chess.com/game/live/138515053720
2025.05.16,08:38:43,black,ChessBot212223,NafsinFerdous,ChessBot212223,win,Alapin Sicilian Defense 2...d6 3.d4 cxd4 4.cxd4,B22,NafsinFerdous won by resignation,10:00,Unknown,1004,990,14,10,20,3,0,1,0,8,12,https://www.chess.com/game/live/138515213010
2025.05.16,08:44:02,black,takeandtakeandiftakestake,NafsinFerdous,takeandtakeandiftakestake,draw,Sicilian Defense Open Dragon Variation 6.Bc4,B70,Game drawn by stalemate,10:00,Unknown,1004,999,5,56,112,27,5,2,2,33,79,https://www.chess.com/game/live/138515337922
2025.05.16,08:55:51,white,NafsinFerdous,Darkseid_77,Darkseid_77,win,Scotch Game 3...exd4 4.Nxd4 Qf6 5.Nb5,C45,NafsinFerdous won by checkmate,10:00,Unknown,1026,1035,-9,20,39,12,4,2,0,11,28,https://www.chess.com/game/live/138515619208
2025.05.16,16:24:55,white,NafsinFerdous,jeff_mason54,jeff_mason54,win,Scotch Game 3...exd4 4.Nxd4 Nxd4 5.Qxd4,C45,NafsinFerdous won by resignation,10:00,Unknown,1046,1040,6,16,32,12,1,2,0,8,24,https://www.chess.com/game/live/138529161416
2025.05.16,16:27:32,black,jeff_mason54,NafsinFerdous,jeff_mason54,win,Alapin Sicilian Defense...3.d4 cxd4 4.cxd4 Nf6 5.Nc3,B22,NafsinFerdous won by resignation,10:00,Unknown,1064,1032,32,45,90,23,7,2,0,23,67,https://www.chess.com/game/live/138529249702
2025.05.16,16:38:45,white,NafsinFerdous,ViswesA,ViswesA,win,Ruy Lopez Opening Berlin Rio Gambit Accepted 5.Re1,C67,NafsinFerdous won by resignation,5:00,Unknown,1065,1068,-3,10,19,6,1,1,0,5,14,https://www.chess.com/game/live/138529631612
2025.05.16,16:40:27,black,ViswesA,NafsinFerdous,ViswesA,win,Sicilian Defense Open Lowenthal Variation 5.Nf3 Nf6,B32,NafsinFerdous won by resignation,5:00,Unknown,1101,1060,41,32,64,23,2,2,1,18,46,https://www.chess.com/game/live/138529690104
2025.05.16,16:46:32,white,NafsinFerdous,ViswesA,ViswesA,loss,Philidor Defense 3.d4,C41,ViswesA won by checkmate,5:00,Unknown,1065,1069,-4,38,76,17,7,2,0,20,56,https://www.chess.com/game/live/138529896658
2025.05.16,16:54:44,black,Kabello32,NafsinFerdous,Kabello32,draw,Sicilian Defense Bowdler Attack 2...e6,B20,Game drawn by timeout vs insufficient material,2:00 + 1s,Unknown,1085,1116,-31,59,117,27,8,2,1,26,91,https://www.chess.com/game/live/138530172000
2025.05.16,18:18:12,white,NafsinFerdous,bateau1234,bateau1234,win,Kings Pawn Opening Kings Knight Variation,C40,NafsinFerdous won by checkmate,10:00,Unknown,1069,742,327,37,73,17,14,1,0,16,57,https://www.chess.com/game/live/141733242805
2025.05.16,18:29:28,white,NafsinFerdous,delidumrulll,delidumrulll,win,Owens Defense 2.d4 Bb7 3.Nc3 e6 4.Nf3,B00,NafsinFerdous won - game abandoned,5:00,Unknown,1095,1064,31,11,21,3,0,1,0,6,15,https://www.chess.com/game/live/138533274946
2025.05.16,18:34:15,black,Gh_C,NafsinFerdous,Gh_C,win,Sicilian Defense...3.Bc4 Nf6 4.d3 Nc6,B50,NafsinFerdous won on time,5:00,Unknown,1121,1065,56,35,70,21,3,2,0,19,51,https://www.chess.com/game/live/138533425800
2025.05.16,18:44:24,white,NafsinFerdous,alexey_fish,alexey_fish,win,Kings Pawn Opening Kings Knight Variation,C40,NafsinFerdous won by checkmate,2:00 + 1s,Unknown,1168,1056,112,24,47,13,3,2,0,10,37,https://www.chess.com/game/live/138533746370
2025.05.16,18:50:07,black,Japocone,NafsinFerdous,Japocone,win,Sicilian Defense 2.Nf3 d6 3.Bc4 Nf6 4.Nc3,B50,NafsinFerdous won by checkmate,10:00,Unknown,1085,1045,40,23,46,9,1,2,0,15,31,https://www.chess.com/game/live/138533926164
2025.05.16,19:02:17,white,NafsinFerdous,AEjraei88,AEjraei88,loss,Petrovs Defense Classical Variation,C42,AEjraei88 won by resignation,10:00,Unknown,1068,1075,-7,30,60,17,4,2,0,11,49,https://www.chess.com/game/live/138534302194
2025.05.16,19:10:12,black,AEjraei88,NafsinFerdous,AEjraei88,win,Sicilian Defense 2.Nf3 d6 3.Bc4 Nc6,B50,NafsinFerdous won by checkmate,10:00,Unknown,1084,1067,17,39,78,24,9,2,0,24,54,https://www.chess.com/game/live/138534544310
2025.05.17,08:51:48,white,NafsinFerdous,Molon74,Molon74,win,Philidor Defense Exchange Variation 4.Nxd4,C41,NafsinFerdous won - game abandoned,10:00,Unknown,1100,1098,2,26,51,14,4,2,0,14,37,https://www.chess.com/game/live/138551430630
2025.05.17,09:05:37,black,seee_ya_layter,NafsinFerdous,seee_ya_layter,win,Queens Pawn Opening Chigorin Variation 2...e6,D00,NafsinFerdous won by resignation,10:00,Unknown,1100,1229,-129,35,70,18,11,2,1,18,52,https://www.chess.com/game/live/138551760292
2025.05.17,09:15:13,black,Bigbelush,NafsinFerdous,Bigbelush,win,Sicilian Defense Smith Morra Gambit 2...cxd4 3.Qxd4 Nc6,B21,NafsinFerdous won by checkmate,10:00,Unknown,1114,1078,36,17,34,10,2,2,0,7,27,https://www.chess.com/game/live/138551992206
2025.05.17,09:19:05,white,NafsinFerdous,Bigbelush,Bigbelush,win,Philidor Defense 3.d4,C41,NafsinFerdous won by checkmate,10:00,Unknown,1126,1071,55,9,17,4,2,0,0,7,10,https://www.chess.com/game/live/138552087050
2025.05.17,09:20:40,white,NafsinFerdous,Chjgykk,Chjgykk,win,Ruy Lopez Opening Cozio Defense...7.d4 exd4 8.cxd4 O O,C60,NafsinFerdous won by checkmate,10:00,Unknown,1141,1169,-28,61,121,26,13,2,1,36,85,https://www.chess.com/game/live/138552125954
2025.05.17,13:06:20,white,NafsinFerdous,pukimaiman,pukimaiman,win,French Defense Exchange Variation 3...exd5 4.Nf3 Nf6,C01,NafsinFerdous won by resignation,5:00,Unknown,1145,1098,47,36,71,22,1,2,0,20,51,https://www.chess.com/game/live/138558269516
2025.05.17,13:15:12,black,Ramokolic,NafsinFerdous,Ramokolic,win,Sicilian Defense...3.Bc4 Nf6 4.e5 dxe5 5.Nxe5 e6,B50,NafsinFerdous won by checkmate,5:00,Unknown,1168,1122,46,26,52,14,2,2,0,10,42,https://www.chess.com/game/live/138558535488
2025.05.17,15:54:29,black,imnoobbby,NafsinFerdous,imnoobbby,win,Sicilian Defense Chekhover Variation 4...Nc6,B53,NafsinFerdous won by resignation,10:00,Unknown,1154,1152,2,18,36,8,2,1,0,12,24,https://www.chess.com/game/live/138563521246
2025.05.17,15:59:00,white,NafsinFerdous,Aldolaclasse1,Aldolaclasse1,loss,Ruy Lopez Opening Cozio Defense 4.O O,C60,Aldolaclasse1 won by resignation,10:00,Unknown,1142,1170,-28,13,26,6,1,1,0,12,14,https://www.chess.com/game/live/138563664176
2025.05.17,16:01:36,black,Aldolaclasse1,NafsinFerdous,Aldolaclasse1,win,Sicilian Defense...6.O O O O 7.Re1 Nc6,B50,NafsinFerdous won by resignation,10:00,Unknown,1155,1161,-6,41,82,13,2,2,0,21,61,https://www.chess.com/game/live/138563746456
2025.05.18,18:24:32,black,Andreas251,NafsinFerdous,Andreas251,loss,Closed Sicilian Defense Traditional Line 3.Nf3 d6 4.Bb5 Bd7 5.O O,B23,Andreas251 won by resignation,5:00,Unknown,1145,1169,-24,16,31,7,1,2,0,7,24,https://www.chess.com/game/live/138603156768
2025.05.18,18:27:11,white,NafsinFerdous,Ch3ckItOut,Ch3ckItOut,win,Caro Kann Defense Exchange Variation 3...cxd5 4.Nf3,B13,NafsinFerdous won by checkmate,5:00,Unknown,1170,1201,-31,47,93,22,10,1,1,21,72,https://www.chess.com/game/live/138603239626
2025.05.18,18:38:55,white,NafsinFerdous,Za3bolla11,Za3bolla11,win,Ruy Lopez Opening Morphy Defense Columbus Variation 4...Nf6 5.O O b5 6.Bb3,C78,NafsinFerdous won on time,10:00,Unknown,1167,1152,15,56,111,24,14,1,0,22,89,https://www.chess.com/game/live/138603605784
2025.05.18,19:13:17,black,omnamah21,NafsinFerdous,omnamah21,loss,English Opening Symmetrical Variation...4.Bg2 Bg7 5.O O d6,A30,omnamah21 won on time,2:00 + 1s,Unknown,1130,1357,-227,33,65,15,2,2,0,18,47,https://www.chess.com/game/live/138604660304
2025.05.18,19:18:51,white,NafsinFerdous,MChaker01,MChaker01,loss,Scotch Game 3...exd4 4.Nxd4 Nxd4 5.Qxd4,C45,MChaker01 won by checkmate,2:00 + 1s,Unknown,1078,1194,-116,56,112,28,14,2,2,29,83,https://www.chess.com/game/live/138604828594
2025.05.18,19:25:01,black,Ciabatabata,NafsinFerdous,Ciabatabata,win,Caro Kann Defense Exchange Variation...4.Bd3 Nf6 5.c3 Nc6,B13,NafsinFerdous won by checkmate,2:00 + 1s,Unknown,1124,1028,96,29,58,19,6,2,0,14,44,https://www.chess.com/game/live/138605014090
2025.05.19,04:45:50,black,Stilltheman,NafsinFerdous,Stilltheman,win,Queens Pawn Opening 1...d5 2.e3,D00,NafsinFerdous won by checkmate,2:00 + 1s,Unknown,1169,1107,62,25,50,12,6,2,0,15,35,https://www.chess.com/game/live/138616161266
2025.05.19,04:52:08,white,NafsinFerdous,aprillouis,aprillouis,loss,Scotch Game 3...exd4 4.Nxd4 Nxd4 5.Qxd4,C45,aprillouis won by resignation,5:00,Unknown,1151,1193,-42,30,60,15,1,2,0,15,45,https://www.chess.com/game/live/138616270242
2025.05.19,04:57:44,white,NafsinFerdous,ItsVedu,ItsVedu,win,Ruy Lopez Opening Berlin Improved Steinitz Defense,C66,NafsinFerdous won by checkmate,5:00,Unknown,1169,1136,33,26,51,15,3,2,0,14,37,https://www.chess.com/game/live/138616367582
2025.05.19,18:35:52,black,Walfwanted,NafsinFerdous,Walfwanted,win,Van t Kruijs Opening 1...c5,A00,NafsinFerdous won by resignation,10:00,Unknown,1179,1182,-3,29,58,17,2,1,0,19,39,https://www.chess.com/game/live/138639336542
2025.05.20,11:16:53,black,AlaaKhodeir,NafsinFerdous,AlaaKhodeir,win,Sicilian Defense Open Scheveningen Sozin Main Line,B89,NafsinFerdous won by resignation,5:00,Unknown,1194,1304,-110,27,54,16,1,2,0,11,43,https://www.chess.com/game/live/138661800106
2025.05.20,11:24:26,white,NafsinFerdous,practice-langg,practice-langg,loss,Pirc Defense Classical Quiet Chigorin Line 7.d5,B08,practice-langg won by checkmate,5:00,Unknown,1178,1224,-46,44,88,23,13,2,0,17,71,https://www.chess.com/game/live/138662014198
2025.05.21,18:54:49,white,NafsinFerdous,topBunk,topBunk,win,Ruy Lopez Opening Morphy Defense Modern Steinitz Defense 5.O O Bd7 6.d4 Nf6 7.c3,C72,NafsinFerdous won by checkmate,5:00,Unknown,1178,1227,-49,23,45,11,2,2,0,15,30,https://www.chess.com/game/live/138713611586
2025.05.22,09:01:53,black,Abeeroff,NafsinFerdous,Abeeroff,win,Sicilian Defense 2.Nf3 d6 3.Bc4 Nc6,B50,NafsinFerdous won - game abandoned,10:00,Unknown,1189,1149,40,32,64,14,2,1,0,17,47,https://www.chess.com/game/live/138731429192
2025.05.23,09:38:47,white,NafsinFerdous,mexmike1,mexmike1,loss,Sicilian Defense Nimzowitsch Variation,B29,mexmike1 won by checkmate,2:00 + 1s,Unknown,1125,1153,-28,6,12,4,2,0,0,6,6,https://www.chess.com/game/live/138768907876
2025.05.27,10:52:46,white,NafsinFerdous,dtorbin123123,dtorbin123123,win,Petrovs Defense Classical Variation,C42,NafsinFerdous won by resignation,5:00,Unknown,1195,1161,34,43,85,21,4,2,0,21,64,https://www.chess.com/game/live/138913111240
2025.05.27,11:00:58,black,dtorbin123123,NafsinFerdous,dtorbin123123,draw,Sicilian Defense Open Classical Variation 6.Nxc6 bxc6,B56,Game drawn by repetition,5:00,Unknown,1193,1162,31,37,73,19,3,2,0,17,56,https://www.chess.com/game/live/138913337502
2025.05.29,18:24:07,black,Chivo_Inl,NafsinFerdous,Chivo_Inl,loss,Queens Pawn Opening Accelerated London System 2...e6 3.e3 c5 4.c3,D00,Chivo_Inl won on time,5:00,Unknown,1178,1223,-45,36,71,19,6,2,0,22,49,https://www.chess.com/game/live/139001244636
2025.05.29,18:34:32,white,NafsinFerdous,maria2022kyhtun,maria2022kyhtun,win,Ruy Lopez Opening Old Steinitz Defense 4.O O,C62,NafsinFerdous won by resignation,5:00,Unknown,1193,1173,20,34,67,20,6,2,0,17,50,https://www.chess.com/game/live/139001576786
2025.05.29,18:41:52,white,NafsinFerdous,PK40here,PK40here,win,Kings Pawn Opening Kings Knight Variation,C40,NafsinFerdous won by checkmate,5:00,Unknown,1207,1173,34,7,13,2,1,0,0,6,7,https://www.chess.com/game/live/139001809374
2025.05.30,09:35:49,black,byrontucker,NafsinFerdous,byrontucker,win,Sicilian Defense,B20,NafsinFerdous won by resignation,10:00,Unknown,1201,1201,0,30,60,15,7,1,0,16,44,https://www.chess.com/game/live/139021116424
2025.06.04,19:09:55,black,EduardoGilberti,NafsinFerdous,EduardoGilberti,win,Caro Kann Defense Panov Attack,B13,NafsinFerdous won by resignation,10:00,Unknown,1212,1190,22,25,49,21,5,2,0,13,36,https://www.chess.com/game/live/139217859508
2025.06.04,19:15:53,white,NafsinFerdous,nader01,nader01,win,Scotch Game 3...exd4 4.Nxd4 Nxd4 5.Qxd4,C45,NafsinFerdous won by checkmate,5:00,Unknown,1221,1197,24,40,79,20,7,2,2,25,54,https://www.chess.com/game/live/139218047588
2025.06.04,19:21:55,black,Lobsangoten,NafsinFerdous,Lobsangoten,loss,Italian Game Two Knights Modern Bishops Opening...5.c3 O O 6.Nbd2 d6,C55,Lobsangoten won by resignation,2:00 + 1s,Unknown,1089,1153,-64,38,75,17,5,2,0,17,58,https://www.chess.com/game/live/139218237796
2025.06.04,19:27:16,white,NafsinFerdous,Gagana7,Gagana7,win,Sicilian Defense Open Dragon Yugoslav Attack,B75,NafsinFerdous won by resignation,2:00 + 1s,Unknown,1119,1039,80,18,36,10,4,1,0,11,25,https://www.chess.com/game/live/139218405468
2025.06.04,19:30:45,white,NafsinFerdous,metal_jps71,metal_jps71,win,Ruy Lopez Opening Berlin Defense 4.O O,C65,NafsinFerdous won by checkmate,5:00,Unknown,1235,1220,15,35,69,19,7,2,0,16,53,https://www.chess.com/game/live/139218513836
2025.06.05,10:36:15,black,MallenXYT,NafsinFerdous,MallenXYT,win,Queens Pawn Opening Zukertort Chigorin Variation 3.Bf4,D02,NafsinFerdous won by resignation,5:00,Unknown,1237,735,502,13,25,10,2,0,0,7,18,https://www.chess.com/game/live/143433608711
2025.06.05,10:38:47,black,MashiloaneAsh,NafsinFerdous,MashiloaneAsh,loss,Van t Kruijs Opening 1...c5,A00,MashiloaneAsh won by checkmate,5:00,Unknown,1234,1586,-352,34,67,19,3,2,0,17,50,https://www.chess.com/game/live/143433613003
2025.06.05,10:45:12,black,Aven0206,NafsinFerdous,Aven0206,win,Sicilian Defense Old Sicilian Variation,B30,NafsinFerdous won by checkmate,5:00,Unknown,1245,1170,75,19,38,9,2,2,0,16,22,https://www.chess.com/game/live/143434206903
2025.06.05,10:49:47,white,NafsinFerdous,coach_deki,coach_deki,loss,Ruy Lopez Opening Morphy Defense Columbus Variation...7.d4 d6 8.c3 O O,C78,coach_deki won on time,5:00,Unknown,1234,1305,-71,32,64,15,3,2,0,18,46,https://www.chess.com/game/live/143434214679
2025.06.07,15:15:28,black,x_xAmmar,NafsinFerdous,x_xAmmar,win,Sicilian Defense 2.Nf3 d6 3.Nc3,B50,NafsinFerdous won by resignation,3:00,Unknown,1234,1108,126,29,58,20,7,1,0,12,46,https://www.chess.com/game/live/139321607256
2025.06.07,16:17:17,white,NafsinFerdous,HamoodTF,HamoodTF,loss,Slav Defense 3.e3 Nf6,D10,HamoodTF won by checkmate,3:00,Unknown,1234,1417,-183,12,24,5,1,1,0,11,13,https://www.chess.com/game/live/139323703078
2025.06.07,16:18:24,black,euomar,NafsinFerdous,euomar,loss,Closed Sicilian Defense Traditional Line 3.Bb5 d6 4.Bxc6 bxc6,B23,euomar won by resignation,3:00,Unknown,1234,1329,-95,11,21,7,2,1,0,7,14,https://www.chess.com/game/live/139323740996
2025.06.07,16:59:09,white,NafsinFerdous,Siswanto234,Siswanto234,win,Petrovs Defense Classical Variation,C42,NafsinFerdous won on time,20:00,Unknown,1222,1151,71,17,33,10,1,0,0,13,20,https://www.chess.com/game/live/139325125374
2025.06.07,17:33:42,black,dhani_rmd12,NafsinFerdous,dhani_rmd12,loss,Old Benoni Defense 2.e3 cxd4,A43,dhani_rmd12 won on time,5:00,Unknown,1222,1252,-30,37,73,21,5,1,0,26,47,https://www.chess.com/game/live/139326278908
2025.06.08,04:48:50,black,deeman4real1981,NafsinFerdous,deeman4real1981,win,Queens Pawn Opening Krause Variation 3.e3,D02,NafsinFerdous won by resignation,5:00,Unknown,1232,1167,65,24,48,12,0,2,0,11,37,https://www.chess.com/game/live/139341620018
2025.06.08,04:54:31,white,NafsinFerdous,fern5cr,fern5cr,win,Ruy Lopez Opening Old Steinitz Defense 4.O O Bd7,C62,NafsinFerdous won by checkmate,5:00,Unknown,1244,1233,11,33,65,14,4,2,1,17,48,https://www.chess.com/game/live/139341727320
2025.06.08,06:10:44,white,NafsinFerdous,black8white,black8white,win,Philidor Defense Exchange Variation 4.Nxd4 Nf6 5.Nc3,C41,NafsinFerdous won by resignation,5:00,Unknown,1254,1211,43,30,59,18,5,2,0,22,37,https://www.chess.com/game/live/139343264388
2025.06.16,07:16:52,black,ehipster,NafsinFerdous,ehipster,win,Queens Pawn Opening Accelerated London System 2...Bf5,D00,NafsinFerdous won by resignation,10:00,Unknown,1234,1205,29,12,24,6,4,0,0,6,18,https://www.chess.com/game/live/139645674144
2025.06.16,07:21:35,white,NafsinFerdous,Agafari,Agafari,win,Ruy Lopez Opening,C60,NafsinFerdous won by resignation,10:00,Unknown,1246,1239,7,25,49,16,5,1,0,14,35,https://www.chess.com/game/live/139645775842
2025.06.16,10:43:38,black,Romarik,NafsinFerdous,Romarik,loss,Vienna Game Max Lange Defense 3.Bc4 Bc5 4.d3 d6,C25,Romarik won on time,5:00,Unknown,1243,1265,-22,37,73,18,4,2,0,18,55,https://www.chess.com/game/live/139650758208
2025.06.16,10:52:12,black,Chi_Zzy,NafsinFerdous,Chi_Zzy,loss,Sicilian Defense McDonnell Attack 2...d6 3.Nf3 Nc6,B21,Chi_Zzy won - game abandoned,5:00,Unknown,1234,1325,-91,8,15,0,0,1,0,8,7,https://www.chess.com/game/live/139651001050
2025.06.16,10:54:24,white,NafsinFerdous,kaedut,kaedut,win,Scandinavian Defense Mieses Kotrc Main Line 4.Nf3,B01,NafsinFerdous won by checkmate,5:00,Unknown,1245,1215,30,30,59,15,13,2,0,13,46,https://www.chess.com/game/live/139651063798
2025.06.16,12:08:59,white,NafsinFerdous,CoachHappyChess,CoachHappyChess,loss,Pirc Defense Modern Defense Geller System 2...Nf6 3.Nc3 g6,B07,CoachHappyChess won by resignation,5:00,Unknown,1245,2135,-890,32,64,19,3,2,0,21,43,https://www.chess.com/game/live/139653282474
2025.06.16,12:43:47,white,NafsinFerdous,garengkeod,garengkeod,loss,Ruy Lopez Opening Old Steinitz Defense 4.O O,C62,garengkeod won by checkmate,5:00,Unknown,1234,1243,-9,21,42,9,1,2,0,15,27,https://www.chess.com/game/live/139654373688
2025.06.16,17:11:13,white,NafsinFerdous,Satya786110,Satya786110,loss,French Defense Exchange Variation 3...exd5 4.Nf3 Nf6,C01,Satya786110 won by checkmate,10:00,Unknown,1246,1383,-137,24,48,14,2,2,0,18,30,https://www.chess.com/game/live/139663631512
2025.06.16,17:32:42,black,UvST,NafsinFerdous,UvST,win,Queens Pawn Opening Zukertort Variation 2...e6 3.e3 c5 4.b3,D02,NafsinFerdous won by resignation,10:00,Unknown,1246,1444,-198,51,102,21,10,2,0,33,69,https://www.chess.com/game/live/139664388226
2025.06.16,18:40:33,black,Gulzebo,NafsinFerdous,Gulzebo,loss,Sicilian Defense...3.Bc4 Nf6 4.d3 e6,B50,Gulzebo won by resignation,10:00,Unknown,1235,1250,-15,34,67,14,1,2,0,19,48,https://www.chess.com/game/live/139666733096
2025.06.17,11:00:40,black,SuryaLinga,NafsinFerdous,SuryaLinga,win,Queens Pawn Opening Krause Variation 3.dxc5 e6,D02,NafsinFerdous won by checkmate,10:00,Unknown,1246,1219,27,40,80,18,5,2,2,27,53,https://www.chess.com/game/live/139689453308
2025.06.17,11:13:14,black,palenciam,NafsinFerdous,palenciam,loss,Closed Sicilian Defense 2...d6,B23,palenciam won by checkmate,10:00,Unknown,1235,1250,-15,13,25,4,1,2,0,9,16,https://www.chess.com/game/live/139689819138
2025.06.17,17:21:15,black,wylie007coyote,NafsinFerdous,wylie007coyote,win,Queens Pawn Opening Krause Variation 3.c3 e6 4.Bf4,D02,NafsinFerdous won by resignation,5:00,Unknown,1234,1368,-134,19,38,9,1,2,0,12,26,https://www.chess.com/game/live/139702151158
2025.06.17,17:49:25,black,Hououinkyouma88,NafsinFerdous,Hououinkyouma88,loss,Sicilian Defense 2.Nf3 d6 3.Bc4 e6,B50,Hououinkyouma88 won on time,5:00,Unknown,1234,906,328,43,85,22,7,2,0,24,61,https://www.chess.com/game/live/144496173161
2025.06.17,18:00:07,white,NafsinFerdous,Hououinkyouma88,Hououinkyouma88,loss,Sicilian Defense Open,B30,Hououinkyouma88 won on time,5:00,Unknown,1234,906,328,41,82,23,7,2,0,16,66,https://www.chess.com/game/live/144496774379
2025.06.17,18:13:49,white,NafsinFerdous,BlunderfulRookie,BlunderfulRookie,loss,Philidor Defense Nimzowitsch Variation 4.dxe5,C41,BlunderfulRookie won by checkmate,5:00,Unknown,1234,1228,6,40,80,17,4,1,0,29,51,https://www.chess.com/game/live/139703929720
2025.06.17,18:27:16,white,NafsinFerdous,Serah_H,Serah_H,win,Giuoco Piano Game,C50,NafsinFerdous won by checkmate,10:00,Unknown,1236,620,616,33,65,20,10,1,0,8,57,https://www.chess.com/game/live/144498568611
2025.06.18,09:51:11,white,NafsinFerdous,SAYRMAN777,SAYRMAN777,win,Petrovs Defense Classical Variation,C42,NafsinFerdous won by checkmate,10:00,Unknown,1236,1319,-83,18,35,10,4,2,0,7,28,https://www.chess.com/game/live/139725461882
2025.06.18,09:57:01,white,NafsinFerdous,jsrikrish,jsrikrish,win,French Defense Exchange Variation 3...exd5 4.Nf3 Nf6,C01,NafsinFerdous won by checkmate,10:00,Unknown,1247,1248,-1,27,53,17,10,2,0,9,44,https://www.chess.com/game/live/139725617326
2025.06.18,16:51:58,white,NafsinFerdous,The_punisher44,The_punisher44,loss,Kings Pawn Opening Kings Knight Variation,C40,The_punisher44 won on time,5:00,Unknown,1224,1251,-27,35,70,16,8,1,0,17,53,https://www.chess.com/game/live/139739028948
2025.06.18,17:01:03,black,The_punisher44,NafsinFerdous,The_punisher44,win,Sicilian Defense Bowdler Attack,B20,NafsinFerdous won by checkmate,5:00,Unknown,1235,1242,-7,40,80,16,5,2,0,19,61,https://www.chess.com/game/live/139739345558
2025.06.19,18:55:18,white,NafsinFerdous,maine49,maine49,win,Pirc Defense Classical Variation 4...Bg7,B08,NafsinFerdous won on time,5:00,Unknown,1245,1216,29,40,79,17,1,2,0,22,57,https://www.chess.com/game/live/139780594390
2025.06.19,19:06:46,black,rolemb,NafsinFerdous,rolemb,win,Sicilian Defense Open Dragon Yugoslav Attack 7...O O 8.Qd2,B76,NafsinFerdous won by checkmate,5:00,Unknown,1255,1250,5,23,46,10,2,2,0,14,32,https://www.chess.com/game/live/139780954160
2025.06.19,19:40:10,black,hassannn999,NafsinFerdous,hassannn999,loss,Queens Pawn Opening Zukertort Variation 2...e6,D02,hassannn999 won by checkmate,10:00,Unknown,1236,1238,-2,19,37,9,4,2,0,11,26,https://www.chess.com/game/live/139781984512
2025.06.20,10:46:15,black,ahklnort2024,NafsinFerdous,ahklnort2024,loss,English Opening Symmetrical Variation,A30,ahklnort2024 won by checkmate,3:00,Unknown,1255,2140,-885,25,49,14,2,2,0,14,35,https://www.chess.com/game/live/139801796520
2025.06.20,10:50:01,black,MAMA_NEEDS_BREAD,NafsinFerdous,MAMA_NEEDS_BREAD,win,Sicilian Defense Open 3...cxd4 4.Nxd4,B33,NafsinFerdous won by resignation,3:00,Unknown,1255,1253,2,19,38,10,3,1,0,12,26,https://www.chess.com/game/live/139801901254
2025.06.20,10:55:30,black,x-3649958934,NafsinFerdous,x-3649958934,win,Birds Opening 1...c5 2.Nf3,A02,NafsinFerdous won - game abandoned,3:00,Unknown,1255,2012,-757,21,42,9,2,2,0,10,32,https://www.chess.com/game/live/139802054614
2025.06.20,14:33:48,white,NafsinFerdous,F0RAB0Z0,F0RAB0Z0,loss,Modern Defense with 1 e4 2.d4 Bg7 3.Nf3,B06,F0RAB0Z0 won on time,3:00,Unknown,1255,1230,25,20,40,6,0,2,0,10,30,https://www.chess.com/game/live/139808918370
2025.06.20,14:40:45,white,NafsinFerdous,13Void13,13Void13,win,Ruy Lopez Opening Morphy Defense Deferred Steinitz Defense 6.Re1 b5 7.Bb3,C79,NafsinFerdous won by resignation,3:00,Unknown,1264,1242,22,26,52,12,1,2,0,20,32,https://www.chess.com/game/live/139809155826
2025.06.20,16:20:45,black,kristofferSaltveit,NafsinFerdous,kristofferSaltveit,loss,Sicilian Defense Open Accelerated Dragon Modern Variation...7.Bc4 O O 8.O O d6,B35,kristofferSaltveit won on time,3:00,Unknown,1264,1934,-670,25,49,13,1,2,0,12,37,https://www.chess.com/game/live/139812614598
2025.06.20,17:40:33,white,NafsinFerdous,SS_87,SS_87,loss,Scandinavian Defense Mieses Kotrc Variation 3.Nc3 Qe5 4.Be2,B01,SS_87 won by resignation,5:00,Unknown,1264,1531,-267,34,68,17,5,2,0,17,51,https://www.chess.com/game/live/139815276250
2025.06.20,17:46:39,white,NafsinFerdous,SeemsG0od,SeemsG0od,loss,French Defense Exchange Variation 3...exd5 4.Nf3 Nf6,C01,SeemsG0od won by checkmate,5:00,Unknown,1264,1242,22,25,50,12,1,2,0,18,32,https://www.chess.com/game/live/139815475008
2025.06.21,10:26:05,black,mrpatrikpass,NafsinFerdous,mrpatrikpass,win,Queens Pawn Opening Chigorin Irish Gambit,D00,NafsinFerdous won by resignation,10:00,Unknown,1236,1308,-72,18,36,10,3,1,0,13,23,https://www.chess.com/game/live/139837922060
2025.06.21,10:40:18,black,inrigame,NafsinFerdous,inrigame,loss,Queens Pawn Opening Zukertort Variation 2...e6 3.Bf4 c5 4.e3,D02,inrigame won by resignation,5:00,Unknown,1255,1284,-29,10,19,5,2,1,0,8,11,https://www.chess.com/game/live/139838303816
2025.06.21,10:42:40,black,nickslim97,NafsinFerdous,nickslim97,win,Closed Sicilian Defense 2...d6,B23,NafsinFerdous won by checkmate,5:00,Unknown,1265,1269,-4,31,62,14,5,2,0,17,45,https://www.chess.com/game/live/139838367976
2025.06.21,15:39:50,black,MTA777333,NafsinFerdous,MTA777333,win,Sicilian Defense Open Variation 4...Nf6 5.Bd3 Nc6,B54,NafsinFerdous won by resignation,1/86400,Unknown,900,893,7,15,30,7,0,1,0,9,21,https://www.chess.com/game/daily/829848728
2025.06.21,16:04:02,white,NafsinFerdous,jwweenink,jwweenink,win,Sicilian Defense Marshall Counterattack 4.exd5 exd5 5.Bb5,B40,NafsinFerdous won on time,2:00 + 1s,Unknown,1150,1099,51,26,51,17,2,2,0,11,40,https://www.chess.com/game/live/139848323774
2025.06.21,18:46:47,black,ChessMariano,NafsinFerdous,ChessMariano,loss,Alapin Sicilian Defense 2...d6,B22,ChessMariano won by checkmate,5:00,Unknown,1265,1504,-239,17,33,8,6,2,0,13,20,https://www.chess.com/game/live/139853480736
2025.06.21,18:59:11,white,NafsinFerdous,igorgumush,igorgumush,win,Ruy Lopez Opening,C60,NafsinFerdous won by checkmate,5:00,Unknown,1274,1260,14,14,27,7,2,1,0,6,21,https://www.chess.com/game/live/139853846132
2025.06.22,19:49:27,white,NafsinFerdous,conkz45,conkz45,loss,Kings Pawn Opening Kings Knight Variation,C40,conkz45 won by resignation,5:00,Unknown,1274,1877,-603,20,40,9,1,2,0,9,31,https://www.chess.com/game/live/139891308008
2025.06.22,19:53:03,white,NafsinFerdous,ChessMariano,ChessMariano,loss,Caro Kann Defense Exchange Variation...4.Bd3 Nc6 5.Nf3 Bg4,B13,ChessMariano won by resignation,5:00,Unknown,1274,1504,-230,26,52,15,0,2,0,12,40,https://www.chess.com/game/live/139891417382
2025.06.22,20:02:11,white,NafsinFerdous,goku2o18,goku2o18,win,Slav Defense Modern Exchange Variation 4...cxd5 5.Nc3,D13,NafsinFerdous won by checkmate,5:00,Unknown,1275,827,448,24,47,9,7,2,0,5,42,https://www.chess.com/game/live/144935977311
2025.06.22,20:08:30,black,Voliyn,NafsinFerdous,Voliyn,win,Slav Defense,D10,NafsinFerdous won by resignation,5:00,Unknown,1277,889,388,39,78,24,3,1,1,22,56,https://www.chess.com/game/live/144936570511
2025.06.22,20:17:32,white,NafsinFerdous,kurt0976542145786,kurt0976542145786,win,Slav Defense Exchange Variation 3...cxd5 4.Nc3,D10,NafsinFerdous won by checkmate,5:00,Unknown,1277,170,1107,11,21,6,2,1,0,4,17,https://www.chess.com/game/live/144937168693
2025.06.22,20:19:49,white,NafsinFerdous,18Eddi,18Eddi,win,French Defense Tarrasch Open Suchting Line 4...cxd4 5.cxd4 dxe4 6.Nxe4,C07,NafsinFerdous won by checkmate,5:00,Unknown,1280,988,292,46,91,24,11,2,1,31,60,https://www.chess.com/game/live/144937172697
2025.06.22,20:26:58,black,Powerful_Rook,NafsinFerdous,Powerful_Rook,win,Slav Defense Exchange Variation 3...cxd5 4.Nf3 Nc6,D10,NafsinFerdous won by checkmate,5:00,Unknown,1284,974,310,23,46,15,7,1,0,8,38,https://www.chess.com/game/live/144937767725
2025.06.23,08:09:51,white,NafsinFerdous,Lemon1620771,Lemon1620771,loss,Four Knights Game Scotch Variation Accepted 5.Nxd4 Bb4,C47,Lemon1620771 won by resignation,5:00,Unknown,1284,963,321,33,66,19,7,1,0,15,51,https://www.chess.com/game/live/144979769319
2025.06.23,08:18:50,black,Lemon1620771,NafsinFerdous,Lemon1620771,win,Alapin Sicilian Defense...5.Nc3 d6 6.Nf3 Nf6,B22,NafsinFerdous won by checkmate,10:00,Unknown,1236,1327,-91,16,32,10,3,0,0,15,17,https://www.chess.com/game/live/144980368299
2025.06.23,08:21:54,white,NafsinFerdous,Lemon1620771,Lemon1620771,loss,Ruy Lopez Opening Berlin Improved Steinitz Defense,C66,Lemon1620771 won by checkmate,10:00,Unknown,1236,1327,-91,33,66,18,1,2,0,19,47,https://www.chess.com/game/live/144980372317
2025.06.23,19:53:51,black,Hououinkyouma88,NafsinFerdous,Hououinkyouma88,loss,Sicilian Defense 2.Nf3 d6 3.Bc4 Nf6,B50,Hououinkyouma88 won by resignation,10:00,Unknown,1236,1244,-8,24,47,12,7,2,0,12,35,https://www.chess.com/game/live/145022362171
2025.06.23,20:00:40,white,NafsinFerdous,Hououinkyouma88,Hououinkyouma88,win,Sicilian Defense Open 3...cxd4 4.Nxd4,B33,NafsinFerdous won by resignation,10:00,Unknown,1236,1244,-8,31,61,17,0,2,0,15,46,https://www.chess.com/game/live/145022374585
2025.06.24,06:39:53,white,NafsinFerdous,Razduha,Razduha,loss,Sicilian Defense Open 3...cxd4 4.Nxd4,B33,Razduha won on time,1/86400,Unknown,857,1276,-419,37,74,21,4,2,0,20,54,https://www.chess.com/game/daily/830926520
2025.06.24,07:08:35,black,linathiMkhail,NafsinFerdous,linathiMkhail,win,Sicilian Defense Open Classical Richter Rauzer Dragon Variation 7.Bxf6 exf6,B60,NafsinFerdous won by resignation,5:00,Unknown,1284,1411,-127,22,44,15,1,2,0,17,27,https://www.chess.com/game/live/139942431832
2025.06.26,19:22:42,black,x-1544823308,NafsinFerdous,x-1544823308,draw,Sicilian Defense Canal Main Line,B52,Game drawn by insufficient material,10:00,Unknown,1236,1230,6,56,112,28,9,1,0,34,78,https://www.chess.com/game/live/140040030704
2025.06.27,04:53:11,white,NafsinFerdous,esaa_eska,esaa_eska,win,Ruy Lopez Opening Morphy Defense Closed Averbakh Romanovsky Variation 10.cxd4,C87,NafsinFerdous won by resignation,10:00,Unknown,1236,1232,4,19,37,6,0,2,0,13,24,https://www.chess.com/game/live/140052370582
2025.06.28,19:16:23,white,NafsinFerdous,Caro_Flan,Caro_Flan,loss,Caro Kann Defense Exchange Variation 3...cxd5 4.Nf3 Nf6,B13,Caro_Flan won by resignation,10:00,Unknown,1236,1211,25,36,72,19,5,2,0,13,59,https://www.chess.com/game/live/140113039240
2025.06.28,20:22:13,white,NafsinFerdous,bledilikaj,bledilikaj,win,Mieses Opening 1...d5,A00,NafsinFerdous won by checkmate,10:00,Unknown,1247,1249,-2,51,101,24,8,2,1,31,70,https://www.chess.com/game/live/140114854726
2025.06.30,09:16:59,white,NafsinFerdous,Siegy957,Siegy957,loss,Petrovs Defense Classical Variation,C42,Siegy957 won by checkmate,10:00,Unknown,1247,1634,-387,14,28,9,2,2,0,7,21,https://www.chess.com/game/live/140166451936
2025.06.30,09:22:38,black,Alexandre_Sacha0,NafsinFerdous,Alexandre_Sacha0,loss,Caro Kann Defense Main Line,B15,Alexandre_Sacha0 won by resignation,10:00,Unknown,1247,2319,-1072,10,19,3,1,0,0,8,11,https://www.chess.com/game/live/140166594012
2025.06.30,09:24:17,black,Jeele1,NafsinFerdous,Jeele1,win,Sicilian Defense 2.Nf3 d6 3.Bc4 Nf6 4.Nc3,B50,NafsinFerdous won by resignation,10:00,Unknown,1247,1223,24,26,52,12,5,2,0,13,39,https://www.chess.com/game/live/140166635666
2025.06.30,09:32:56,black,pavlos13,NafsinFerdous,pavlos13,loss,Sicilian Defense...3.Bc4 Nf6 4.e5 dxe5 5.Nxe5 e6,B50,pavlos13 won by resignation,10:00,Unknown,1237,1252,-15,28,55,15,4,2,0,16,39,https://www.chess.com/game/live/140166854650
2025.06.30,11:48:33,black,Monky102,NafsinFerdous,Monky102,loss,Sicilian Defense Open Dragon Variation 6.Bg5 Bg7 7.Bb5 Bd7,B70,Monky102 won by checkmate,10:00,Unknown,1237,1370,-133,35,69,23,14,1,0,13,56,https://www.chess.com/game/live/140170611506
2025.06.30,18:26:56,black,ChessM0nkey,NafsinFerdous,ChessM0nkey,draw,Ponziani Opening Jaenisch Counterattack 4.d4 exd4 5.e5,C44,Game drawn by agreement,10:00,Unknown,1237,1290,-53,29,58,13,3,2,0,19,39,https://www.chess.com/game/live/140183963368
2025.07.01,18:20:43,black,Daniyar261090,NafsinFerdous,Daniyar261090,win,Pirc Defense Main Line Byrne Variation 4...Bg7,B07,NafsinFerdous won by resignation,10:00,Unknown,1247,1233,14,41,82,21,4,2,0,19,63,https://www.chess.com/game/live/140220817508
2025.07.01,18:34:59,black,Adrlll97,NafsinFerdous,Adrlll97,loss,Pirc Defense Main Line Byrne Variation 4...Bg7 5.e5 dxe5 6.dxe5,B07,Adrlll97 won by resignation,10:00,Unknown,1247,1904,-657,11,21,6,2,0,0,8,13,https://www.chess.com/game/live/140221279258
2025.07.01,18:37:51,white,NafsinFerdous,Adrlll97,Adrlll97,loss,Ruy Lopez Opening Morphy Defense Closed...7.Bb3 d6 8.c3 Bg4,C88,Adrlll97 won by resignation,10:00,Unknown,1247,1904,-657,13,25,5,0,2,0,9,16,https://www.chess.com/game/live/140221371740
2025.07.01,18:40:09,black,Adrlll97,NafsinFerdous,Adrlll97,win,Closed Sicilian Defense Fianchetto Variation...6.Be3 Nf6 7.h3 O O 8.Qd2,B26,NafsinFerdous won by resignation,10:00,Unknown,1247,1904,-657,22,44,11,0,2,0,16,28,https://www.chess.com/game/live/140221445330
2025.07.01,18:56:40,white,NafsinFerdous,Lemon1620771,Lemon1620771,win,Four Knights Game Scotch Variation Accepted 5.Nxd4 Bb4,C47,NafsinFerdous won by resignation,10:00,Unknown,1247,1304,-57,57,113,27,12,2,2,31,82,https://www.chess.com/game/live/145709966945
2025.07.01,19:10:00,black,Lemon1620771,NafsinFerdous,Lemon1620771,loss,Alapin Sicilian Defense...5.cxd4 g6 6.Nc3 Bg7,B22,Lemon1620771 won by checkmate,10:00,Unknown,1247,1304,-57,23,45,14,2,2,0,17,28,https://www.chess.com/game/live/145710572949
2025.07.01,19:16:38,white,NafsinFerdous,Lemon1620771,Lemon1620771,win,Sicilian Defense Four Knights Variation,B45,NafsinFerdous won by resignation,10:00,Unknown,1258,1295,-37,53,105,23,14,2,0,21,84,https://www.chess.com/game/live/145711167065
2025.07.01,19:31:48,black,Lemon1620771,NafsinFerdous,Lemon1620771,loss,Alapin Sicilian Defense...3.d4 cxd4 4.cxd4 Nf6 5.Nc3,B22,Lemon1620771 won by resignation,10:00,Unknown,1249,1302,-53,49,97,25,8,1,0,25,72,https://www.chess.com/game/live/145711775553
2025.07.02,08:37:51,white,NafsinFerdous,Kataneca,Kataneca,loss,Petrovs Defense Classical Variation,C42,Kataneca won by resignation,5:00,Unknown,1275,1305,-30,15,29,5,1,2,0,8,21,https://www.chess.com/game/live/140239560058
2025.07.02,08:40:47,black,Kataneca,NafsinFerdous,Kataneca,loss,Sicilian Defense...3.Bc4 Nf6 4.d3 e6 5.O O,B50,Kataneca won on time,5:00,Unknown,1267,1312,-45,46,91,23,5,2,0,20,71,https://www.chess.com/game/live/140239630224
2025.07.02,08:51:10,white,NafsinFerdous,Kataneca,Kataneca,win,Petrovs Defense Classical Variation,C42,NafsinFerdous won by checkmate,5:00,Unknown,1277,1303,-26,35,69,17,1,2,0,18,51,https://www.chess.com/game/live/140239879318
2025.07.02,09:07:12,black,Azibor,NafsinFerdous,Azibor,loss,Sicilian Defense 2.Nf3 d6 3.Bc4 e6,B50,Azibor won on time,2:00 + 1s,Unknown,1122,1182,-60,59,117,28,15,2,1,22,95,https://www.chess.com/game/live/140240266112
2025.07.02,11:56:55,white,NafsinFerdous,MozeRemis,MozeRemis,win,Scotch Game 3...exd4 4.Nxd4 Nxd4 5.Qxd4,C45,NafsinFerdous won by checkmate,2:00 + 1s,Unknown,1150,1116,34,35,69,18,4,2,0,16,53,https://www.chess.com/game/live/140244909078
2025.07.02,12:01:53,black,IIIelmagoIII,NafsinFerdous,IIIelmagoIII,win,Queens Pawn Opening Krause Variation...4.dxc5 e6 5.c4 Bxc5,D02,NafsinFerdous won on time,2:00 + 1s,Unknown,1177,1160,17,29,58,12,0,2,0,17,41,https://www.chess.com/game/live/140245057934
2025.07.02,18:23:41,white,NafsinFerdous,Bollo1,Bollo1,win,Sicilian Defense Open Dragon Rauzer Variation,B76,NafsinFerdous won by resignation,10:00,Unknown,1258,1232,26,43,85,25,11,2,0,20,65,https://www.chess.com/game/live/140257815122
2025.07.02,18:36:47,black,Bootyvil,NafsinFerdous,Bootyvil,loss,Sicilian Defense Open Classical Variation 6.Bb5 Bd7 7.O O,B56,Bootyvil won by checkmate,10:00,Unknown,1249,1278,-29,29,57,14,2,2,0,11,46,https://www.chess.com/game/live/140258235016
2025.07.03,00:26:09,white,NafsinFerdous,AquileDBS,AquileDBS,win,Sicilian Defense Open Pelikan and Sveshnikov Retreat Variation 6...Bb4,B33,NafsinFerdous won by checkmate,10:00,Unknown,1258,1239,19,19,37,13,4,2,0,10,27,https://www.chess.com/game/live/140267005652
2025.07.03,01:28:18,white,NafsinFerdous,contone,contone,win,Ruy Lopez Opening Morphy Defense Caro Variation 5.Bb3,C70,NafsinFerdous won - game abandoned,10:00,Unknown,1266,1238,28,23,45,15,2,1,0,17,28,https://www.chess.com/game/live/140268090060
2025.07.03,18:18:02,black,MAGICIAN-SHAHRIAR,NafsinFerdous,MAGICIAN-SHAHRIAR,win,Alapin Sicilian Defense 2...Nc6 3.Nf3 d6 4.d4,B22,NafsinFerdous won by resignation,10:00,Unknown,1266,1435,-169,28,56,18,2,2,0,21,35,https://www.chess.com/game/live/145880369761
2025.07.03,19:44:08,black,waelzid7,NafsinFerdous,waelzid7,loss,Magnus Sicilian 3...cxd4 4.Qxd4 Nc6,B23,waelzid7 won on time,5:00,Unknown,1268,1281,-13,32,63,16,2,2,0,12,51,https://www.chess.com/game/live/140296923410
2025.07.03,19:54:00,white,NafsinFerdous,finetraphic,finetraphic,loss,Scandinavian Defense,B01,finetraphic won by resignation,10:00,Unknown,1257,1253,4,7,14,6,2,0,0,6,8,https://www.chess.com/game/live/140297215636
2025.07.03,19:54:58,black,raimonchess,NafsinFerdous,raimonchess,win,Sicilian Defense,B20,NafsinFerdous won by checkmate,10:00,Unknown,1266,1270,-4,70,140,26,25,1,1,28,112,https://www.chess.com/game/live/140297244452
2025.07.04,09:11:59,black,1nsaneMeister,NafsinFerdous,1nsaneMeister,loss,Tarrasch Defense Symmetrical Variation...7.Bxc4 a6 8.O O b5,D40,1nsaneMeister won by checkmate,10:00,Unknown,1258,1282,-24,25,49,14,3,2,0,16,33,https://www.chess.com/game/live/140313737558
2025.07.04,09:21:05,black,EmsaLSz,NafsinFerdous,EmsaLSz,win,Sicilian Defense Bowdler Attack,B20,NafsinFerdous won by checkmate,10:00,Unknown,1267,1272,-5,59,118,24,14,2,1,27,91,https://www.chess.com/game/live/140313965984
2025.07.04,09:54:14,white,NafsinFerdous,ecmoraes1,ecmoraes1,win,Ruy Lopez Opening Morphy Defense Columbus Variation...6.Bb3 Bc5 7.c3 d6 8.d4,C78,NafsinFerdous won on time,5:00,Unknown,1277,1266,11,42,83,17,0,2,0,18,65,https://www.chess.com/game/live/140314821960
2025.07.04,16:35:08,white,NafsinFerdous,vitoss79,vitoss79,loss,Caro Kann Defense Exchange Variation 3...cxd5 4.Nf3,B13,vitoss79 won by checkmate,5:00,Unknown,1269,1292,-23,19,38,7,3,2,0,13,25,https://www.chess.com/game/live/140327409128
2025.07.04,17:34:47,black,JoanBeco,NafsinFerdous,JoanBeco,win,Queens Pawn Opening Levitsky Attack 2...f6 3.Bh4,D00,NafsinFerdous won by resignation,5:00,Unknown,1278,1275,3,45,90,15,1,2,0,19,71,https://www.chess.com/game/live/140329351308
2025.07.05,09:36:44,black,guruli1991,NafsinFerdous,guruli1991,win,Van t Kruijs Opening,A00,NafsinFerdous won by resignation,10:00,Unknown,1275,1257,18,12,24,2,1,0,0,11,13,https://www.chess.com/game/live/140350246610
2025.07.05,13:37:42,white,NafsinFerdous,AshtuevInnokentiy,AshtuevInnokentiy,loss,Sicilian Defense Open Classical Variation 6.Be3 e5 7.Nf3 Be7,B56,AshtuevInnokentiy won by resignation,10:00,Unknown,1267,1293,-26,24,48,11,1,2,0,15,33,https://www.chess.com/game/live/140357079706
2025.07.05,17:58:42,black,Lemon1620771,NafsinFerdous,Lemon1620771,win,Caro Kann Defense Main Line 4...Nf6,B15,NafsinFerdous won by resignation,10:00,Unknown,1267,1426,-159,58,116,21,13,2,1,29,87,https://www.chess.com/game/live/146052198361
2025.07.05,18:16:25,white,NafsinFerdous,Lemon1620771,Lemon1620771,loss,Sicilian Defense Normal Line 5.Nc3,B40,Lemon1620771 won by resignation,10:00,Unknown,1267,1426,-159,33,66,17,13,1,0,9,57,https://www.chess.com/game/live/146052812229
2025.07.05,18:25:42,black,Lemon1620771,NafsinFerdous,Lemon1620771,win,Alapin Sicilian Defense...3.d4 cxd4 4.cxd4 Nf6 5.Nc3,B22,NafsinFerdous won by checkmate,10:00,Unknown,1267,1426,-159,24,48,12,2,2,0,15,33,https://www.chess.com/game/live/146053410737
2025.07.06,10:20:55,white,NafsinFerdous,Gabriel_MacAdam,Gabriel_MacAdam,win,Ruy Lopez Opening Berlin Defense 4.O O,C65,NafsinFerdous won - game abandoned,10:00,Unknown,1275,1274,1,11,21,4,1,1,0,8,13,https://www.chess.com/game/live/140386814944
2025.07.06,10:26:54,black,Alheta,NafsinFerdous,Alheta,loss,Sicilian Defense 2.Nf3 d6 3.d4 cxd4,B50,Alheta won by resignation,5:00,Unknown,1270,1275,-5,10,19,4,0,2,0,7,12,https://www.chess.com/game/live/140386979452
2025.07.06,18:58:47,white,NafsinFerdous,Mike_rover,Mike_rover,win,Scandinavian Defense,B01,NafsinFerdous won by resignation,5:00,Unknown,1270,1545,-275,12,23,6,5,0,0,3,20,https://www.chess.com/game/live/140403178940
2025.07.06,23:15:08,black,JFKLima,NafsinFerdous,JFKLima,loss,Sicilian Defense Bowdler Attack 2...e6 3.Nc3,B20,JFKLima won by checkmate,5:00,Unknown,1262,1263,-1,23,45,12,2,2,0,13,32,https://www.chess.com/game/live/140409810742
2025.07.07,06:28:10,white,NafsinFerdous,adenhans,adenhans,loss,Scotch Game 3...exd4 4.Nxd4 Nxd4 5.Qxd4,C45,adenhans won by resignation,5:00,Unknown,1254,1271,-17,60,120,29,7,1,1,35,85,https://www.chess.com/game/live/140417611106
2025.07.07,06:35:31,black,CMN01,NafsinFerdous,CMN01,loss,Sicilian Defense 2.d3 d6,B20,CMN01 won - game abandoned,5:00,Unknown,1246,1272,-26,26,51,6,6,1,0,19,32,https://www.chess.com/game/live/140417759384
2025.07.07,06:46:25,white,NafsinFerdous,erha6,erha6,loss,Sicilian Defense Open Pelikan and Sveshnikov Exchange Variation 6...bxc6,B33,erha6 won by resignation,5:00,Unknown,1238,1238,0,56,111,28,12,2,0,25,86,https://www.chess.com/game/live/140417982116
2025.07.07,06:55:29,white,NafsinFerdous,raiyenmark,raiyenmark,win,Sicilian Defense Open,B30,NafsinFerdous won by checkmate,5:00,Unknown,1247,1289,-42,22,43,11,1,2,0,22,21,https://www.chess.com/game/live/140418169182
2025.07.07,06:58:28,black,mathou755,NafsinFerdous,mathou755,win,Alapin Sicilian Defense 2...d6,B22,NafsinFerdous won by resignation,5:00,Unknown,1255,1242,13,42,84,19,6,2,0,26,58,https://www.chess.com/game/live/140418231426
2025.07.07,09:57:34,white,NafsinFerdous,VladimirPolovinkaua,VladimirPolovinkaua,win,French Defense Knight Variation,C00,NafsinFerdous won by resignation,5:00,Unknown,1263,1261,2,32,63,18,4,2,0,20,43,https://www.chess.com/game/live/140422424204
2025.07.07,10:05:40,black,KubaJasinski,NafsinFerdous,KubaJasinski,win,Sicilian Defense Open Scheveningen Sozin Attack,B86,NafsinFerdous won by resignation,5:00,Unknown,1271,1258,13,25,50,18,4,2,0,15,35,https://www.chess.com/game/live/140422637500
2025.07.08,14:40:05,white,NafsinFerdous,YETILEPRO,YETILEPRO,win,French Defense Exchange Variation 3...exd5 4.Nf3,C01,NafsinFerdous won by resignation,2:00 + 1s,Unknown,1201,1165,36,17,34,11,1,2,0,11,23,https://www.chess.com/game/live/140468036904
2025.07.08,14:41:57,white,NafsinFerdous,Psiles,Psiles,draw,French Defense Knight Variation 2...d5 3.exd5,C00,Game drawn by stalemate,2:00 + 1s,Unknown,1201,1199,2,43,86,24,2,2,0,20,66,https://www.chess.com/game/live/140468101382
2025.07.08,16:12:29,black,Bouhouche1,NafsinFerdous,Bouhouche1,loss,Reti Opening Reti Gambit Accepted 3.Na3,A09,Bouhouche1 won by resignation,5:00,Unknown,1271,1461,-190,46,91,22,2,2,0,16,75,https://www.chess.com/game/live/140471255432
2025.07.08,16:22:26,black,Biggerthan_yourking,NafsinFerdous,Biggerthan_yourking,loss,Tarrasch Defense,D32,Biggerthan_yourking won by resignation,5:00,Unknown,1271,1786,-515,14,27,8,4,0,0,9,18,https://www.chess.com/game/live/140471604820
2025.07.08,16:24:32,white,NafsinFerdous,Alittleyolo,Alittleyolo,loss,Scotch Game Classical Intermezzo Variation,C45,Alittleyolo won on time,5:00,Unknown,1271,1712,-441,66,132,28,9,2,1,31,101,https://www.chess.com/game/live/140471679054
2025.07.09,10:09:44,black,Crugy,NafsinFerdous,Crugy,loss,Queens Gambit Accepted 3.Nf3 Nf6 4.e3 e6 5.Bxc4,D26,Crugy won by checkmate,5:00,Unknown,1271,2160,-889,35,69,20,2,2,1,23,46,https://www.chess.com/game/live/140497095192
2025.07.11,04:53:24,black,Mateuss1966,NafsinFerdous,Mateuss1966,loss,English Opening Kings English Variation...3.Bg2 Be7 4.Nc3 O O,A20,Mateuss1966 won by resignation,10:00,Unknown,1267,1283,-16,32,63,19,1,2,1,17,46,https://www.chess.com/game/live/140563801912
2025.07.11,05:22:52,black,GajeelLance,NafsinFerdous,GajeelLance,loss,Sicilian Defense Bowdler Attack 2...e6,B20,GajeelLance won by resignation,10:00,Unknown,1259,1290,-31,29,57,18,6,2,0,15,42,https://www.chess.com/game/live/140564362258
2025.07.11,05:31:57,black,PleaseBuddhabloxfruits,NafsinFerdous,PleaseBuddhabloxfruits,win,Queens Pawn Opening Levitsky Attack 2...c5,D00,NafsinFerdous won - game abandoned,10:00,Unknown,1268,1273,-5,52,104,27,15,1,1,28,76,https://www.chess.com/game/live/140564538854
2025.07.13,19:10:33,white,NafsinFerdous,andrewmendonca9,andrewmendonca9,loss,Ruy Lopez Opening Berlin Defense 4.O O Be7 5.Re1 d6 6.c3,C65,andrewmendonca9 won on time,5:00,Unknown,1263,1275,-12,47,94,24,5,2,1,28,66,https://www.chess.com/game/live/140660230360
2025.07.13,19:20:17,white,NafsinFerdous,bajo666,bajo666,win,Scandinavian Defense 2.exd5,B01,NafsinFerdous won by checkmate,5:00,Unknown,1272,1277,-5,26,51,14,10,1,0,12,39,https://www.chess.com/game/live/140660501960
2025.07.13,19:27:04,black,FernetBirdBath,NafsinFerdous,FernetBirdBath,loss,Sicilian Defense Chekhover Variation 4...Nf6,B53,FernetBirdBath won by resignation,2:00 + 1s,Unknown,1179,1216,-37,44,87,24,11,1,0,15,72,https://www.chess.com/game/live/140660689966
2025.07.13,19:30:51,white,NafsinFerdous,JKentth,JKentth,win,French Defense Exchange Variation 3...exd5 4.Nf3 Nc6,C01,NafsinFerdous won by resignation,2:00 + 1s,Unknown,1204,1241,-37,28,55,16,5,2,0,10,45,https://www.chess.com/game/live/140660793274
2025.07.13,23:47:43,black,Henrycsept28,NafsinFerdous,Henrycsept28,win,Sicilian Defense...3.Bc4 Nf6 4.d3 e6,B50,NafsinFerdous won - game abandoned,10:00,Unknown,1277,1285,-8,36,72,20,5,2,0,19,53,https://www.chess.com/game/live/140666892344
2025.07.15,07:24:21,black,Darozglez2563,NafsinFerdous,Darozglez2563,win,Sicilian Defense Smith Morra Gambit Accepted 4.Nxc3 Nc6 5.Nf3,B21,NafsinFerdous won by resignation,10:00,Unknown,1285,1290,-5,36,72,20,5,2,0,18,54,https://www.chess.com/game/live/140712530228
2025.07.20,19:49:12,white,NafsinFerdous,mankenavenkatesh1,mankenavenkatesh1,win,Ruy Lopez Opening Cozio Defense...5.c3 Bg7 6.d4 exd4 7.cxd4,C60,NafsinFerdous won by resignation,5:00,Unknown,1280,1280,0,14,27,5,0,2,0,12,15,https://www.chess.com/game/live/140918025362
2025.07.20,19:52:32,white,NafsinFerdous,MaggioloR,MaggioloR,win,Sicilian Defense Kan Knight Variation 5...d6 6.Be3,B43,NafsinFerdous won by resignation,5:00,Unknown,1289,1294,-5,31,61,15,6,2,0,14,47,https://www.chess.com/game/live/140918122168
2025.07.20,20:01:15,black,R_a-g,NafsinFerdous,R_a-g,win,Sicilian Defense Bowdler Attack 2...e6,B20,NafsinFerdous won by checkmate,5:00,Unknown,1297,1299,-2,49,98,18,5,2,0,22,76,https://www.chess.com/game/live/140918372518
2025.07.21,17:42:50,black,Enam-E-Elahi,NafsinFerdous,Enam-E-Elahi,win,Sicilian Defense McDonnell Attack 2...d6 3.Nf3 Nc6,B21,NafsinFerdous won by resignation,10:00,Unknown,1285,1445,-160,22,44,9,4,1,0,18,26,https://www.chess.com/game/live/147433406623
2025.07.21,17:51:14,white,NafsinFerdous,Enam-E-Elahi,Enam-E-Elahi,win,Nimzowitsch Defense Declined 2...g6,B00,NafsinFerdous won by resignation,10:00,Unknown,1285,1445,-160,11,21,6,1,0,0,8,13,https://www.chess.com/game/live/147434003597
2025.07.21,17:55:46,black,Enam-E-Elahi,NafsinFerdous,Enam-E-Elahi,win,Sicilian Defense McDonnell Attack 2...d6 3.Nf3,B21,NafsinFerdous won by resignation,10:00,Unknown,1285,1445,-160,23,46,12,5,1,0,15,31,https://www.chess.com/game/live/147434011859
2025.07.21,18:02:18,white,NafsinFerdous,Enam-E-Elahi,Enam-E-Elahi,win,Sicilian Defense Open,B30,NafsinFerdous won by resignation,10:00,Unknown,1285,1445,-160,14,27,7,2,1,0,9,18,https://www.chess.com/game/live/147434604821
2025.07.21,18:09:56,black,Enam-E-Elahi,NafsinFerdous,Enam-E-Elahi,win,Sicilian Defense McDonnell Attack 2...d6 3.Nf3 Nc6,B21,NafsinFerdous won by resignation,10:00,Unknown,1285,1445,-160,36,72,24,8,2,0,19,53,https://www.chess.com/game/live/147435200961
2025.07.21,18:22:37,white,NafsinFerdous,Enam-E-Elahi,Enam-E-Elahi,loss,Sicilian Defense Open 3...cxd4 4.Nxd4,B33,Enam-E-Elahi won by resignation,10:00,Unknown,1285,1445,-160,23,46,11,1,2,0,13,33,https://www.chess.com/game/live/147435805247
2025.07.21,18:29:24,black,Enam-E-Elahi,NafsinFerdous,Enam-E-Elahi,win,Sicilian Defense 2.d3 d6,B20,NafsinFerdous won by resignation,10:00,Unknown,1285,1445,-160,16,32,6,1,1,0,10,22,https://www.chess.com/game/live/147436399875
2025.07.21,18:32:49,white,NafsinFerdous,Enam-E-Elahi,Enam-E-Elahi,win,Owens Defense 2.d4 Bb7,B00,NafsinFerdous won by resignation,10:00,Unknown,1285,1445,-160,16,31,5,4,1,0,12,19,https://www.chess.com/game/live/147436406187
2025.07.21,18:37:50,black,Enam-E-Elahi,NafsinFerdous,Enam-E-Elahi,win,Sicilian Defense McDonnell Attack 2...d6 3.Nf3,B21,NafsinFerdous won by resignation,10:00,Unknown,1285,1445,-160,16,32,6,0,2,0,12,20,https://www.chess.com/game/live/147436997153
2025.07.21,18:42:39,white,NafsinFerdous,Enam-E-Elahi,Enam-E-Elahi,win,Ruy Lopez Opening Morphy Defense Caro Variation 5.Bb3,C70,NafsinFerdous won by resignation,10:00,Unknown,1285,1445,-160,11,21,5,0,1,0,8,13,https://www.chess.com/game/live/147437005631
2025.07.21,18:45:29,black,Enam-E-Elahi,NafsinFerdous,Enam-E-Elahi,win,Sicilian Defense Bowdler Attack 2...e6,B20,NafsinFerdous won by resignation,10:00,Unknown,1285,1445,-160,14,28,8,1,2,0,13,15,https://www.chess.com/game/live/147437010621
2025.07.21,18:48:36,white,NafsinFerdous,Enam-E-Elahi,Enam-E-Elahi,draw,Sicilian Defense Open,B30,Game drawn by repetition,10:00,Unknown,1285,1445,-160,52,104,22,19,2,0,25,79,https://www.chess.com/game/live/147437598297
2025.07.22,14:27:38,white,NafsinFerdous,kamel9092,kamel9092,win,Petrovs Defense Classical Variation,C42,NafsinFerdous won - game abandoned,10:00,Unknown,1293,1290,3,21,41,14,1,2,0,7,34,https://www.chess.com/game/live/140982396942
2025.07.22,14:38:59,black,Dizta,NafsinFerdous,Dizta,win,Sicilian Defense McDonnell Attack 2...d6 3.Nf3 Nc6,B21,NafsinFerdous won by resignation,5:00,Unknown,1306,1312,-6,32,64,14,3,2,1,19,45,https://www.chess.com/game/live/140982789816
2025.07.25,06:34:40,black,kaszeyacassvitia,NafsinFerdous,kaszeyacassvitia,win,Alapin Sicilian Defense 2...d6 3.d4 cxd4 4.cxd4,B22,NafsinFerdous won by resignation,5:00,Unknown,1314,1308,6,31,62,13,1,2,0,21,41,https://www.chess.com/game/live/141082438542
2025.07.25,19:44:31,black,toxcey,NafsinFerdous,toxcey,win,Nimzowitsch Larsen Attack Classical Variation 2.Bb2,A01,NafsinFerdous won by resignation,5:00,Unknown,1322,1286,36,52,104,26,12,2,0,24,80,https://www.chess.com/game/live/141106444966
2025.07.25,20:21:14,white,NafsinFerdous,Andrsaranda,Andrsaranda,win,Philidor Defense Exchange Variation 4.Nxd4,C41,NafsinFerdous won by checkmate,5:00,Unknown,1330,1320,10,69,137,28,13,2,3,29,108,https://www.chess.com/game/live/141107506618
2025.07.25,20:37:58,black,moamen1167,NafsinFerdous,moamen1167,loss,Queens Pawn Opening Accelerated London Steinitz Countergambit,D00,moamen1167 won by checkmate,5:00,Unknown,1322,1350,-28,18,35,7,4,1,0,9,26,https://www.chess.com/game/live/141107978486
2025.07.25,20:47:58,white,NafsinFerdous,hansraj1977,hansraj1977,loss,Sicilian Defense,B20,hansraj1977 won by resignation,5:00,Unknown,1314,1351,-37,1,2,0,0,0,0,2,0,https://www.chess.com/game/live/141108256958
2025.07.25,20:48:20,black,Luzzareo,NafsinFerdous,Luzzareo,loss,Queens Pawn Opening 1...d5 2.e3 c5,D00,Luzzareo won by checkmate,10:00,Unknown,1284,1281,3,38,75,15,2,2,0,21,54,https://www.chess.com/game/live/141108267074
2025.07.28,18:20:19,black,mene251159,NafsinFerdous,mene251159,win,Sicilian Defense Bowdler Attack 2...e6 3.Nc3,B20,NafsinFerdous won on time,5:00,Unknown,1323,1337,-14,43,86,21,12,2,0,20,66,https://www.chess.com/game/live/141215611516
2025.07.28,18:33:14,white,NafsinFerdous,bennycatur,bennycatur,win,French Defense Normal Variation,C00,NafsinFerdous won by checkmate,10:00,Unknown,1293,1293,0,28,55,14,4,2,0,24,31,https://www.chess.com/game/live/141216050838
2025.07.31,20:20:38,white,NafsinFerdous,JusticeIduene,JusticeIduene,win,Ruy Lopez Opening Birds Defense 4.Nxd4 exd4 5.O O,C61,NafsinFerdous won by checkmate,10:00,Unknown,1301,1270,31,19,37,12,4,1,0,8,29,https://www.chess.com/game/live/141336548588
2025.08.01,18:08:17,white,NafsinFerdous,SofinityX,SofinityX,loss,Kings Pawn Opening Kings Knight Variation,C40,SofinityX won by resignation,10:00,Unknown,1301,1358,-57,15,30,13,3,0,0,6,24,https://www.chess.com/game/live/141370853880
2025.08.01,19:28:04,white,NafsinFerdous,scottmbbps,scottmbbps,loss,Alekhines Defense Scandinavian Variation 3.exd5 Nxd5 4.Nxd5 Qxd5 5.Nf3,B02,scottmbbps won on time,3:00,Unknown,1315,1336,-21,27,54,13,1,2,0,22,32,https://www.chess.com/game/live/141373372488
2025.08.01,19:33:50,black,yazanAbusamra,NafsinFerdous,yazanAbusamra,win,Sicilian Defense Delayed Alapin Variation 3...Nf6,B50,NafsinFerdous won - game abandoned,5:00,Unknown,1323,1325,-2,38,76,20,6,2,0,21,55,https://www.chess.com/game/live/141373548590
2025.08.01,19:39:53,white,NafsinFerdous,Gray-Beard,Gray-Beard,loss,Sicilian Defense French Variation 3.d4,B40,Gray-Beard won by resignation,5:00,Unknown,1315,1344,-29,15,30,8,0,2,0,8,22,https://www.chess.com/game/live/141373733512
2025.08.03,18:28:54,black,Dreadofthehoods,NafsinFerdous,Dreadofthehoods,loss,Kings Fianchetto Opening 1...e5 2.Bg2 Nf6,A00,Dreadofthehoods won by resignation,5:00,Unknown,1307,1340,-33,44,87,22,9,2,0,25,62,https://www.chess.com/game/live/141447863226
2025.08.03,18:38:49,black,kang_imann,NafsinFerdous,kang_imann,win,Sicilian Defense Canal Main Line 4.Bxd7 Qxd7,B52,NafsinFerdous won by resignation,5:00,Unknown,1315,1289,26,37,74,22,6,2,0,28,46,https://www.chess.com/game/live/141448191338
2025.08.03,18:46:33,white,NafsinFerdous,kang_imann,kang_imann,win,Ruy Lopez Opening Berlin Rio Gambit Accepted 5.Re1,C67,NafsinFerdous won by resignation,5:00,Unknown,1322,1282,40,26,51,16,3,2,0,14,37,https://www.chess.com/game/live/141448446504
2025.08.04,19:25:20,white,NafsinFerdous,Valoral,Valoral,loss,Sicilian Defense Four Knights Variation 6.Be3 Bb4,B45,Valoral won by resignation,5:00,Unknown,1314,1351,-37,17,34,11,0,2,0,11,23,https://www.chess.com/game/live/141488537444
2025.08.04,19:28:53,white,NafsinFerdous,luigiBsAs,luigiBsAs,win,Ruy Lopez Opening Berlin Beverwijk Zukertort Gambit,C64,NafsinFerdous won - game abandoned,5:00,Unknown,1322,1308,14,7,13,1,0,1,0,6,7,https://www.chess.com/game/live/141488652894
2025.08.04,19:29:43,white,NafsinFerdous,KingTotor,KingTotor,loss,Alekhines Defense Normal Variation 3.Bc4 Nb6 4.Bb3,B02,KingTotor won by resignation,5:00,Unknown,1314,1321,-7,38,75,21,6,2,0,19,56,https://www.chess.com/game/live/141488679678
2025.08.04,19:39:07,black,Bigbossssoman,NafsinFerdous,Bigbossssoman,win,Sicilian Defense Bowdler Attack,B20,NafsinFerdous won by resignation,5:00,Unknown,1322,1297,25,42,83,23,2,2,1,30,53,https://www.chess.com/game/live/141488988140
2025.08.04,19:45:57,black,Carlos1526,NafsinFerdous,Carlos1526,win,Sicilian Defense Canal Main Line 4.Bxd7 Qxd7,B52,NafsinFerdous won - game abandoned,5:00,Unknown,1330,1317,13,27,54,14,2,2,0,15,39,https://www.chess.com/game/live/141489210408
2025.08.04,19:53:24,white,NafsinFerdous,Foncillon31,Foncillon31,loss,Alekhines Defense Scandinavian Variation 3.exd5 Nxd5 4.Nxd5 Qxd5 5.Nf3,B02,Foncillon31 won by checkmate,5:00,Unknown,1322,1352,-30,33,66,19,7,2,0,17,49,https://www.chess.com/game/live/141489451950
2025.08.06,20:00:54,white,NafsinFerdous,baharlu,baharlu,loss,Sicilian Defense Open...4.Nxd4 a6 5.Nc3 e6,B33,baharlu won on time,5:00,Unknown,1314,1331,-17,49,98,22,11,1,0,26,72,https://www.chess.com/game/live/141569198604
2025.08.07,11:42:47,white,NafsinFerdous,IguazuI,IguazuI,loss,Scandinavian Defense Mieses Kotrc Variation,B01,IguazuI won by resignation,10:00,Unknown,1301,1377,-76,52,104,25,16,1,0,20,84,https://www.chess.com/game/live/141591221092
2025.08.12,20:19:54,black,MSabri001,NafsinFerdous,MSabri001,loss,Sicilian Defense Mengarini Variation,B20,MSabri001 won on time,5:00,Unknown,1306,1339,-33,43,85,24,8,1,1,26,59,https://www.chess.com/game/live/141807539018
2025.08.12,20:29:11,black,RIK-A,NafsinFerdous,RIK-A,win,Kings Fianchetto Opening 1...e5 2.Bg2 d5,A00,NafsinFerdous won by checkmate,5:00,Unknown,1313,1276,37,31,62,17,3,2,0,11,51,https://www.chess.com/game/live/141807821998
2025.08.13,18:41:48,black,TheTest16,NafsinFerdous,TheTest16,loss,Sicilian Defense Bowdler Attack 2...e6,B20,TheTest16 won on time,5:00,Unknown,1305,1311,-6,47,93,22,11,2,0,20,73,https://www.chess.com/game/live/141844769790
2025.08.15,18:54:03,black,EnPassantFlow,NafsinFerdous,EnPassantFlow,win,Sicilian Defense 2.Nf3 d6 3.Nc3,B50,NafsinFerdous won by resignation,10:00,Unknown,1301,937,364,23,46,11,2,2,0,19,27,https://www.chess.com/game/live/141926208194
2025.08.15,18:59:23,white,NafsinFerdous,EnPassantFlow,EnPassantFlow,draw,Pirc Defense Classical Variation 4...Bg7,B08,Game drawn by insufficient material,10:00,Unknown,1301,937,364,56,112,29,12,1,2,32,80,https://www.chess.com/game/live/141926377880
2025.08.15,19:08:14,black,EnPassantFlow,NafsinFerdous,EnPassantFlow,draw,Sicilian Defense Bowdler Attack 2...e6 3.Nc3,B20,Game drawn by repetition,10:00,Unknown,1301,937,364,63,125,29,5,2,0,30,95,https://www.chess.com/game/live/141926653178
2025.08.16,04:11:44,white,NafsinFerdous,ponelreston,ponelreston,win,Pirc Defense Classical Variation 4...Bg7 5.Bc4 O O 6.O O,B08,NafsinFerdous won by resignation,10:00,Unknown,1311,1296,15,34,68,19,5,2,0,14,54,https://www.chess.com/game/live/141938972394
2025.08.16,06:26:29,black,lexi11111122,NafsinFerdous,lexi11111122,win,Closed Sicilian Defense 2...d6,B23,NafsinFerdous won - game abandoned,5:00,Unknown,1313,1290,23,43,86,19,3,2,0,27,59,https://www.chess.com/game/live/141941904054
2025.08.16,06:36:36,white,NafsinFerdous,jakub6464,jakub6464,loss,Scotch Game Classical Intermezzo Variation,C45,jakub6464 won by resignation,10:00,Unknown,1311,1314,-3,11,22,8,2,0,0,7,15,https://www.chess.com/game/live/141942144740
2025.08.16,06:38:15,white,NafsinFerdous,Brainseeker-2437,Brainseeker-2437,loss,Ruy Lopez Opening Morphy Defense Closed Yates Variation 9...exd4 10.cxd4,C91,Brainseeker-2437 won by resignation,1:00,Unknown,1204,602,602,23,46,15,1,2,0,14,32,https://www.chess.com/game/live/141942184470
2025.08.16,11:05:25,black,sudeepfoxy,NafsinFerdous,sudeepfoxy,win,Sicilian Defense Bowdler Attack 2...e6,B20,NafsinFerdous won by resignation,5:00,Unknown,1321,1308,13,18,36,13,1,2,0,16,20,https://www.chess.com/game/live/141949509066
2025.08.16,16:16:57,white,NafsinFerdous,lucifer191-078-801,lucifer191-078-801,win,French Defense Knight Variation,C00,NafsinFerdous won by checkmate,10:00,Unknown,1311,1092,219,16,31,7,3,2,0,8,23,https://www.chess.com/game/live/141960332194
2025.08.16,16:19:28,black,lucifer191-078-801,NafsinFerdous,lucifer191-078-801,win,Sicilian Defense Bowdler Attack 2...e6,B20,NafsinFerdous won by checkmate,10:00,Unknown,1311,1092,219,53,106,26,15,1,1,27,79,https://www.chess.com/game/live/141960423820
2025.08.16,16:31:54,black,lucifer191-078-801,NafsinFerdous,lucifer191-078-801,loss,Queens Pawn Opening Chigorin Irish Gambit,D00,lucifer191-078-801 won by checkmate,10:00,Unknown,1311,1092,219,29,57,14,9,0,0,16,41,https://www.chess.com/game/live/141960875248
2025.08.16,20:21:18,black,chesssislove,NafsinFerdous,chesssislove,win,Queens Pawn Opening Zukertort Variation 2...e6 3.e3 c5,D02,NafsinFerdous won by resignation,5:00,Unknown,1321,1245,76,44,88,23,15,2,0,18,70,https://www.chess.com/game/live/141968296948
2025.08.17,17:28:41,white,NafsinFerdous,lucifer191-078-801,lucifer191-078-801,win,Ruy Lopez Opening Cozio Defense 4.O O a6 5.Ba4,C60,NafsinFerdous won by checkmate,10:00,Unknown,1316,1114,202,38,75,17,13,1,0,20,55,https://www.chess.com/game/live/142001973358
2025.08.17,17:38:19,white,NafsinFerdous,lucifer191-078-801,lucifer191-078-801,win,Kings Pawn Opening Kings Knight Variation,C40,NafsinFerdous won by checkmate,10:00,Unknown,1316,1114,202,59,117,28,11,2,1,23,94,https://www.chess.com/game/live/142002312866
2025.08.17,17:48:06,black,lucifer191-078-801,NafsinFerdous,lucifer191-078-801,win,French Defense Steiner Variation 2...c5 3.Nf3,C00,NafsinFerdous won by checkmate,10:00,Unknown,1316,1114,202,32,64,19,8,1,0,16,48,https://www.chess.com/game/live/142002656234
2025.08.20,17:32:13,white,NafsinFerdous,frankity69,frankity69,win,Kings Pawn Opening Kings Knight Variation,C40,NafsinFerdous won by resignation,5:00,Unknown,1330,1337,-7,26,51,15,3,2,0,17,34,https://www.chess.com/game/live/142123409884
2025.08.20,17:38:10,white,NafsinFerdous,Mucho-20,Mucho-20,loss,Ruy Lopez Opening Birds Defense,C61,Mucho-20 won by resignation,5:00,Unknown,1322,1342,-20,18,36,9,2,1,0,8,28,https://www.chess.com/game/live/142123628354
2025.08.20,17:42:59,black,northernElephant,NafsinFerdous,northernElephant,win,Sicilian Defense Open Classical Variation 6.Bb5 Bd7,B56,NafsinFerdous won by resignation,5:00,Unknown,1330,1295,35,25,50,18,1,2,0,16,34,https://www.chess.com/game/live/142123804804
2025.08.21,19:48:35,black,samdilli,NafsinFerdous,samdilli,loss,Queens Pawn Opening Krause Variation 3.dxc5 e6,D02,samdilli won by checkmate,5:00,Unknown,1322,1358,-36,35,69,18,7,1,0,23,46,https://www.chess.com/game/live/142168966266
2025.08.27,19:40:28,white,NafsinFerdous,ARA5959,ARA5959,loss,Ruy Lopez Opening Morphy Defense Modern Steinitz Defense 5.c3 Bd7 6.O O,C75,ARA5959 won by resignation,5:00,Unknown,1314,1330,-16,33,66,21,5,2,1,20,46,https://www.chess.com/game/live/142411497766
2025.08.29,21:34:39,black,cronus52,NafsinFerdous,cronus52,win,Queens Pawn Opening Chigorin Irish Gambit,D00,NafsinFerdous won by checkmate,5:00,Unknown,1322,1307,15,34,68,21,10,1,0,12,56,https://www.chess.com/game/live/142495782970
2025.09.06,18:15:04,white,NafsinFerdous,72sweep72,72sweep72,loss,Kings Pawn Opening Kings Knight Variation,C40,72sweep72 won on time,5:00,Unknown,1314,1340,-26,34,68,19,3,2,0,18,50,https://www.chess.com/game/live/142807595486
2025.09.06,18:23:23,white,NafsinFerdous,Ivellion,Ivellion,win,Three Knights Opening 3...Bc5,C46,NafsinFerdous won by checkmate,5:00,Unknown,1320,1232,88,15,29,11,3,0,0,6,23,https://www.chess.com/game/live/142807873568
2025.09.06,18:28:12,white,NafsinFerdous,Nanami14k,Nanami14k,loss,Ruy Lopez Opening Old Steinitz Defense 4.O O,C62,Nanami14k won by resignation,5:00,Unknown,1313,1350,-37,25,50,16,4,1,0,18,32,https://www.chess.com/game/live/142808033014
2025.09.11,20:35:27,black,Spawn_0225,NafsinFerdous,Spawn_0225,win,Sicilian Defense Bowdler Attack 2...e6,B20,NafsinFerdous won by resignation,5:00,Unknown,1321,1293,28,19,38,11,5,1,0,12,26,https://www.chess.com/game/live/143009600744
2025.09.11,20:41:29,black,Fangio777,NafsinFerdous,Fangio777,win,Queens Pawn Opening Accelerated London Steinitz Countergambit,D00,NafsinFerdous won by resignation,5:00,Unknown,1328,1289,39,19,38,9,1,0,0,20,18,https://www.chess.com/game/live/143009778792
2025.09.11,20:46:28,black,rcanum,NafsinFerdous,rcanum,loss,Sicilian Defense 2.Nf3 d6 3.Bc4 e6,B50,rcanum won by resignation,5:00,Unknown,1321,1368,-47,16,31,3,1,1,0,13,18,https://www.chess.com/game/live/143009923254
2025.09.13,13:54:35,white,NafsinFerdous,renatosaltori22,renatosaltori22,loss,Ruy Lopez Opening Fianchetto Defense 4.c3 a6 5.Ba4 d6 6.d4,C60,renatosaltori22 won by resignation,5:00,Unknown,1313,1350,-37,20,40,14,2,2,0,14,26,https://www.chess.com/game/live/143074015024
2025.09.13,13:59:41,white,NafsinFerdous,kamyar86,kamyar86,loss,Pirc Defense 2.d4 c6 3.Nf3,B07,kamyar86 won on time,5:00,Unknown,1305,1329,-24,54,108,27,4,1,0,27,81,https://www.chess.com/game/live/143074192544
2025.09.13,14:11:29,white,NafsinFerdous,funkycrumble,funkycrumble,win,Scandinavian Defense Modern Icelandic Palme Gambit 4.dxe6 Bxe6 5.Nf3,B01,NafsinFerdous won by checkmate,5:00,Unknown,1313,1295,18,51,101,25,5,2,1,34,67,https://www.chess.com/game/live/143074602866
2025.09.24,20:04:49,black,AhmedGoda87,NafsinFerdous,AhmedGoda87,loss,English Opening Symmetrical Variation,A30,AhmedGoda87 won by resignation,10:00,Unknown,1303,1304,-1,69,138,28,17,2,2,36,102,https://www.chess.com/game/live/143518665220
2025.09.24,20:22:42,black,skypiaa,NafsinFerdous,skypiaa,win,Queens Pawn Opening Pseudo Catalan Variation 3...c5 4.Bg2 cxd4,D02,NafsinFerdous won by resignation,10:00,Unknown,1303,1617,-314,42,84,24,5,2,0,25,59,https://www.chess.com/game/live/143519217696
2025.09.24,20:32:32,white,NafsinFerdous,skypiaa,skypiaa,win,Kings Pawn Opening St George Defense,B00,NafsinFerdous won by checkmate,10:00,Unknown,1303,1617,-314,24,47,10,5,1,0,15,32,https://www.chess.com/game/live/143519514984
2025.09.24,20:38:16,white,NafsinFerdous,skypiaa,skypiaa,win,Nimzowitsch Defense Declined,B00,NafsinFerdous won by checkmate,10:00,Unknown,1303,1617,-314,32,63,14,10,1,0,15,48,https://www.chess.com/game/live/143519684938
2025.09.24,20:43:28,black,skypiaa,NafsinFerdous,skypiaa,win,Undefined,A00,NafsinFerdous won by checkmate,10:00,Unknown,1303,1617,-314,59,118,26,9,1,2,39,79,https://www.chess.com/game/live/143519837532
2025.09.25,08:37:50,black,Alekszonder,NafsinFerdous,Alekszonder,win,Sicilian Defense Mengarini Variation,B20,NafsinFerdous won by resignation,10:00,Unknown,1315,1287,28,15,30,8,3,1,0,10,20,https://www.chess.com/game/live/143535047296
2025.09.25,08:40:56,white,NafsinFerdous,Bychka,Bychka,loss,Philidor Defense Exchange Variation 4.Nxd4 Nf6 5.Nc3 Be7,C41,Bychka won by resignation,10:00,Unknown,1304,1346,-42,48,96,27,15,2,0,20,76,https://www.chess.com/game/live/143535126692
2025.09.25,08:51:24,black,kbn780,NafsinFerdous,kbn780,win,Sicilian Defense Open Variation 4...Nf6 5.Bd3,B54,NafsinFerdous won by resignation,10:00,Unknown,1317,1347,-30,34,68,22,9,2,0,16,52,https://www.chess.com/game/live/143535396524
2025.09.29,18:26:39,black,ramiz4765,NafsinFerdous,ramiz4765,win,Kings Fianchetto Opening 1...e5 2.Bg2 d5,A00,NafsinFerdous won by checkmate,5:00,Unknown,1322,1325,-3,23,46,15,3,1,0,16,30,https://www.chess.com/game/live/143709054488
2025.10.01,21:07:48,black,sage109,NafsinFerdous,sage109,win,Sicilian Defense Anti Qxd4 Move Order...6.Bb5 Bd7 7.Bxc6 Bxc6,B50,NafsinFerdous won by resignation,5:00,Unknown,1330,1303,27,9,18,7,0,0,0,7,11,https://www.chess.com/game/live/143792207252
2025.10.01,21:09:33,white,NafsinFerdous,Senseidea,Senseidea,loss,Kings Pawn Opening Kings Knight Variation,C40,Senseidea won on time,5:00,Unknown,1322,1332,-10,45,90,23,7,2,0,16,74,https://www.chess.com/game/live/143792254592
2025.10.01,21:20:42,black,aneesbalha77,NafsinFerdous,aneesbalha77,win,Sicilian Defense 2.Nf3 d6,B50,NafsinFerdous won by checkmate,5:00,Unknown,1330,1315,15,61,122,24,10,2,0,31,91,https://www.chess.com/game/live/143792552272
2025.10.04,06:03:59,white,NafsinFerdous,Gil4321,Gil4321,loss,Alekhines Defense,B02,Gil4321 won by resignation,5:00,Unknown,1322,1347,-25,31,62,14,11,2,1,14,48,https://www.chess.com/game/live/143880956416
2025.10.04,19:49:01,white,NafsinFerdous,hoppla73,hoppla73,draw,Ruy Lopez Opening Old Steinitz Defense 4.c3,C62,Game drawn by stalemate,5:00,Unknown,1322,1309,13,65,129,28,16,2,2,34,95,https://www.chess.com/game/live/143906082116
2025.10.06,17:45:17,white,NafsinFerdous,Acts1339,Acts1339,win,Ruy Lopez Opening Classical Central Variation 4...Nf6 5.d4 exd4,C64,NafsinFerdous won by resignation,10:00,Unknown,1328,1287,41,30,59,17,3,2,0,16,43,https://www.chess.com/game/live/143978655750
2025.10.06,18:03:46,black,wd2chess,NafsinFerdous,wd2chess,loss,Sicilian Defense Cowboy Attack 2...d6 3.Bb2 Nf6,B20,wd2chess won by resignation,3:00,Unknown,1314,1319,-5,26,51,8,0,1,0,20,31,https://www.chess.com/game/live/143979331178
2025.10.06,18:07:33,black,busnj,NafsinFerdous,busnj,win,Queens Pawn Opening Krause Variation,D02,NafsinFerdous won by resignation,3:00,Unknown,1322,1314,8,20,40,10,1,0,0,13,27,https://www.chess.com/game/live/143979468116
2025.10.07,14:54:31,white,NafsinFerdous,9Viking,9Viking,loss,Alekhines Defense,B02,9Viking won by checkmate,3:00,Unknown,1314,1341,-27,22,44,14,3,2,0,14,30,https://www.chess.com/game/live/144012260694
2025.10.09,07:50:41,black,cbosecke,NafsinFerdous,cbosecke,win,Sicilian Defense Smith Morra Gambit Accepted 4.Nxc3 Nc6 5.Nf3 d6 6.Bc4,B21,NafsinFerdous won by checkmate,3:00,Unknown,1322,1324,-2,29,58,17,4,2,0,17,41,https://www.chess.com/game/live/144078348632
2025.10.09,10:14:07,white,NafsinFerdous,ZoranFfm,ZoranFfm,win,Alekhines Defense Normal Variation 3.Bc4 Nb6 4.Bb3,B02,NafsinFerdous won by checkmate,3:00,Unknown,1330,1306,24,15,29,4,5,0,0,8,21,https://www.chess.com/game/live/144082112908
2025.10.09,10:17:26,black,bhupaliboy,NafsinFerdous,bhupaliboy,loss,Old Benoni Defense 2.d5 d6 3.e4 Nf6,A43,bhupaliboy won on time,3:00,Unknown,1322,1319,3,42,83,13,5,2,0,18,65,https://www.chess.com/game/live/144082208340
2025.10.13,08:10:14,black,forwornman,NafsinFerdous,forwornman,win,Sicilian Defense Chekhover Variation 4...Nc6 5.Bb5 Qa5 6.Nc3,B53,NafsinFerdous won by resignation,10:00,Unknown,1340,1305,35,25,50,14,4,2,0,13,37,https://www.chess.com/game/live/144232956116
2025.10.16,08:06:07,white,NafsinFerdous,CleverUpsetter13,CleverUpsetter13,loss,Scandinavian Defense Modern Variation 3.Nf3,B01,CleverUpsetter13 won by resignation,10:00,Unknown,1328,1360,-32,16,32,11,2,2,0,12,20,https://www.chess.com/game/live/144351116888
2025.10.17,11:58:09,white,NafsinFerdous,SurajMenon56,SurajMenon56,win,Sicilian Defense Open Dragon Rauzer Variation 9...Bd7,B76,NafsinFerdous won by resignation,10:00,Unknown,1341,1341,0,20,40,6,0,2,0,17,23,https://www.chess.com/game/live/144397370816
2025.10.18,11:28:45,black,Kartik70070,NafsinFerdous,Kartik70070,win,Closed Sicilian Defense 2...d6,B23,NafsinFerdous won by checkmate,10:00,Unknown,1352,1311,41,22,44,14,5,2,0,11,33,https://www.chess.com/game/live/144435805372
2025.10.18,11:37:25,white,NafsinFerdous,Clemens972,Clemens972,loss,Ruy Lopez Opening Morphy Defense Closed 6.Re1 b5 7.Bb3 O O 8.c3,C88,Clemens972 won by resignation,10:00,Unknown,1341,1371,-30,28,56,18,3,2,0,23,33,https://www.chess.com/game/live/144436067824
2025.10.21,20:12:39,white,NafsinFerdous,braulioparritasgmailco,braulioparritasgmailco,win,Ruy Lopez Opening Morphy Defense Modern Steinitz Defense 5.c3 Bd7 6.d4,C75,NafsinFerdous won by resignation,5:00,Unknown,1331,1329,2,30,59,16,2,2,0,20,39,https://www.chess.com/game/live/144570916856
2025.10.21,20:22:16,black,LIDER2027,NafsinFerdous,LIDER2027,win,Closed Sicilian Defense 2...d6 3.g3 Nf6,B23,NafsinFerdous won by resignation,5:00,Unknown,1339,1330,9,12,24,4,1,1,0,7,17,https://www.chess.com/game/live/144571212656
2025.10.22,18:40:23,white,NafsinFerdous,Shishirmishra30,Shishirmishra30,loss,Philidor Defense 3.d4,C41,Shishirmishra30 won on time,5:00,Unknown,1331,1353,-22,40,80,22,9,2,0,18,62,https://www.chess.com/game/live/144607840902
2025.10.22,18:52:58,black,GG-city,NafsinFerdous,GG-city,win,Van t Kruijs Opening 1...e5 2.Bc4,A00,NafsinFerdous won by resignation,5:00,Unknown,1339,1306,33,38,76,21,4,1,0,21,55,https://www.chess.com/game/live/144608282826
2025.10.22,19:00:26,white,NafsinFerdous,newmonata,newmonata,loss,Philidor Defense Exchange Variation 4.Nxd4,C41,newmonata won on time,5:00,Unknown,1331,1352,-21,45,90,18,19,2,0,17,73,https://www.chess.com/game/live/144608538154
2025.10.23,08:57:25,black,idirmerzak28gmail,NafsinFerdous,idirmerzak28gmail,win,Sicilian Defense Open Variation 4...Nf6,B54,NafsinFerdous won by resignation,10:00,Unknown,1352,1326,26,17,34,12,3,2,0,11,23,https://www.chess.com/game/live/144627723490
2025.10.23,20:17:15,black,gmarinov6,NafsinFerdous,gmarinov6,win,Sicilian Defense Bowdler Attack 2...e6,B20,NafsinFerdous won by resignation,5:00,Unknown,1340,1346,-6,19,38,6,2,2,0,13,25,https://www.chess.com/game/live/144650875712
2025.10.23,20:21:35,white,NafsinFerdous,Assare,Assare,loss,Sicilian Defense Open Accelerated Dragon Modern Variation 5...Nf6 6.Be3 Bg7,B34,Assare won on time,5:00,Unknown,1332,1350,-18,36,72,21,5,2,0,15,57,https://www.chess.com/game/live/144651010116
2025.10.25,11:24:16,black,waney62,NafsinFerdous,waney62,loss,Queens Pawn Opening 1...d5,D00,waney62 won by resignation,10:00,Unknown,1341,1368,-27,37,74,18,6,2,0,18,56,https://www.chess.com/game/live/144711799092
2025.10.26,18:47:22,white,NafsinFerdous,LokilezJr,LokilezJr,win,Kings Pawn Opening Latvian Gambit Accepted,C40,NafsinFerdous won - game abandoned,10:00,Unknown,1352,1326,26,33,65,16,5,2,0,17,48,https://www.chess.com/game/live/144765192932
2025.10.27,08:49:54,black,hkowsari,NafsinFerdous,hkowsari,loss,Queens Pawn Opening Accelerated London Steinitz Countergambit,D00,hkowsari won by checkmate,5:00,Unknown,1324,1322,2,14,27,7,1,0,0,14,13,https://www.chess.com/game/live/144784009556
2025.10.27,08:53:52,white,NafsinFerdous,yohanborja,yohanborja,win,Ruy Lopez Opening Cozio Defense 4.O O g6,C60,NafsinFerdous won by resignation,5:00,Unknown,1332,1324,8,34,67,18,10,1,0,19,48,https://www.chess.com/game/live/144784107738
2025.10.27,11:54:32,black,El_Loco1969,NafsinFerdous,El_Loco1969,loss,Sicilian Defense Staunton Cochrane Variation,B20,El_Loco1969 won on time,5:00,Unknown,1324,1348,-24,34,67,14,3,2,0,20,47,https://www.chess.com/game/live/144789211800
2025.10.27,19:23:13,white,NafsinFerdous,MGM11,MGM11,win,Sicilian Defense Open Dragon Rauzer Variation,B76,NafsinFerdous won by resignation,5:00,Unknown,1332,1302,30,28,55,17,1,2,0,20,35,https://www.chess.com/game/live/144805457086
2025.10.27,19:35:32,black,8RACHO,NafsinFerdous,8RACHO,loss,Van t Kruijs Opening 1...c5,A00,8RACHO won by resignation,10:00,Unknown,1341,1343,-2,40,79,14,7,2,0,26,53,https://www.chess.com/game/live/144805878446
2025.10.28,09:38:34,white,NafsinFerdous,Stakman1982,Stakman1982,win,Ruy Lopez Opening Morphy Defense Columbus Variation...5.O O b5 6.Bb3 Nxe4,C78,NafsinFerdous won by checkmate,5:00,Unknown,1340,1319,21,46,91,21,11,2,0,28,63,https://www.chess.com/game/live/144825594542
2025.10.28,10:03:52,white,NafsinFerdous,mansuor12,mansuor12,loss,Ruy Lopez Opening Morphy Defense Modern Steinitz Defense 5.d4 b5 6.Bb3,C71,mansuor12 won by resignation,5:00,Unknown,1340,1255,85,56,112,25,16,1,0,27,85,https://www.chess.com/game/live/144826302840
2025.10.28,10:10:37,black,SNEAKYPEAKER77,NafsinFerdous,SNEAKYPEAKER77,loss,Alekhines Defense Scandinavian Variation 3.exd5 Nxd5,B02,SNEAKYPEAKER77 won by resignation,3:00,Unknown,1340,1339,1,12,24,5,0,2,0,7,17,https://www.chess.com/game/live/144826496684
2025.10.30,09:54:23,white,NafsinFerdous,Ariasthecheckmater142010,Ariasthecheckmater142010,win,Sicilian Defense Open Najdorf Anti English Variation,B90,NafsinFerdous won on time,5:00,Unknown,1348,1328,20,25,49,9,2,2,0,18,31,https://www.chess.com/game/live/144906039248
2025.11.04,14:53:48,black,ItsNotMyKid,NafsinFerdous,ItsNotMyKid,win,Sicilian Defense Bowdler Attack 2...e6,B20,NafsinFerdous won by resignation,5:00,Unknown,1356,1343,13,16,32,11,1,2,0,13,19,https://www.chess.com/game/live/145109644958
2025.11.05,09:15:29,white,NafsinFerdous,451F,451F,loss,Philidor Defense Exchange Variation 4.Nxd4 Nf6 5.Nc3 Be7,C41,451F won on time,5:00,Unknown,1348,1373,-25,41,82,22,6,2,2,29,53,https://www.chess.com/game/live/145138787054
2025.11.06,07:45:56,black,Gligorov-Lj,NafsinFerdous,Gligorov-Lj,win,Sicilian Defense Open Classical Variation 6.Bb5 Bd7 7.O O,B56,NafsinFerdous won by checkmate,5:00,Unknown,1355,1294,61,21,42,9,2,2,0,16,26,https://www.chess.com/game/live/145176006892
2025.11.08,19:05:54,white,NafsinFerdous,HamzaKhan2007,HamzaKhan2007,win,Ruy Lopez Opening Berlin Beverwijk Zukertort Gambit 5...O O,C64,NafsinFerdous won by resignation,10:00,Unknown,1353,1351,2,29,58,18,2,2,0,17,41,https://www.chess.com/game/live/145277024768
2025.11.09,19:14:35,black,jroark99,NafsinFerdous,jroark99,loss,Closed Sicilian Defense Grand Prix Variation 3...Nf6 4.Nf3,B23,jroark99 won on time,3:00,Unknown,1347,1350,-3,41,81,22,13,2,0,17,64,https://www.chess.com/game/live/145315853642
2025.11.10,17:55:38,white,NafsinFerdous,LUDNatic,LUDNatic,win,Scandinavian Defense Mieses Kotrc Main Line 4.d4 c6,B01,NafsinFerdous won by resignation,5:00,Unknown,1355,1347,8,18,35,11,1,2,0,11,24,https://www.chess.com/game/live/145352219868
2025.11.10,17:59:45,black,Tinohg,NafsinFerdous,Tinohg,win,Queens Gambit Declined Austrian Variation,D06,NafsinFerdous won by checkmate,5:00,Unknown,1361,1279,82,46,92,23,8,0,0,23,69,https://www.chess.com/game/live/145352371478
2025.11.14,17:56:23,white,NafsinFerdous,IcBlues,IcBlues,loss,Ruy Lopez Opening Morphy Defense Modern Steinitz Defense 5.O O,C72,IcBlues won on time,5:00,Unknown,1353,1360,-7,55,110,22,8,2,1,30,80,https://www.chess.com/game/live/145512786042
2025.11.15,07:37:47,white,NafsinFerdous,ammarmusa196,ammarmusa196,loss,Philidor Defense Exchange Variation 4.Nxd4 Nf6 5.Nc3 Be7,C41,ammarmusa196 won by resignation,5:00,Unknown,1353,1370,-17,17,34,13,2,2,0,8,26,https://www.chess.com/game/live/145532709276
2025.11.17,15:20:58,white,NafsinFerdous,Nezar1978,Nezar1978,win,Queens Gambit Accepted Old Variation 3...Nf6 4.Bxc4 e6 5.Nc3,D20,NafsinFerdous won by checkmate,5:00,Unknown,1361,1325,36,17,33,8,1,2,0,11,22,https://www.chess.com/game/live/145624335770
2025.11.20,19:01:39,black,Elias_anfe,NafsinFerdous,Elias_anfe,draw,Queens Pawn Opening Krause Variation,D02,Game drawn by agreement,10:00,Unknown,1353,1356,-3,49,98,18,1,2,0,23,75,https://www.chess.com/game/live/145753405478
2025.12.11,08:06:24,white,NafsinFerdous,dharthgiant,dharthgiant,loss,Caro Kann Defense Exchange Variation 3...cxd5 4.Nf3,B13,dharthgiant won by resignation,5:00,Unknown,1351,1340,11,25,50,15,1,2,0,18,32,https://www.chess.com/game/live/146575284982
2025.12.12,18:22:41,black,Merkur11,NafsinFerdous,Merkur11,loss,Sicilian Defense Open 3...cxd4 4.Nxd4,B33,Merkur11 won on time,5:00,Unknown,1342,1370,-28,37,73,22,3,1,0,22,51,https://www.chess.com/game/live/146637273388
2025.12.12,18:29:19,black,karolkoc1989,NafsinFerdous,karolkoc1989,win,Sicilian Defense 2.Nf3 d6 3.Bc4 e6,B50,NafsinFerdous won by checkmate,5:00,Unknown,1352,1354,-2,37,74,17,5,2,0,20,54,https://www.chess.com/game/live/146637515334
2025.12.12,19:23:07,white,NafsinFerdous,hepokatti,hepokatti,draw,Ruy Lopez Opening Berlin Beverwijk Variation,C65,Game drawn by insufficient material,5:00,Unknown,1352,1359,-7,51,101,28,10,2,0,26,75,https://www.chess.com/game/live/146639405294
2025.12.14,20:46:25,black,nizuka7,NafsinFerdous,nizuka7,loss,Queens Pawn Opening Accelerated London Steinitz Countergambit 3.e3 cxd4 4.exd4,D00,nizuka7 won on time,5:00,Unknown,1343,1365,-22,39,77,22,3,2,0,24,53,https://www.chess.com/game/live/146722524072
2025.12.18,08:55:14,white,NafsinFerdous,darsendract,darsendract,win,Ruy Lopez Opening Old Steinitz Defense 4.c3,C62,NafsinFerdous won by resignation,5:00,Unknown,1351,1294,57,37,74,20,8,1,0,22,52,https://www.chess.com/game/live/146864118390
2026.01.14,18:52:01,black,jeet4ndra,NafsinFerdous,jeet4ndra,win,Sicilian Defense...3.Bc4 Nf6 4.d3 e6,B50,NafsinFerdous won by resignation,10:00,Unknown,1369,1341,28,23,46,13,0,2,0,17,29,https://www.chess.com/game/live/148012262972
2026.01.19,16:57:48,white,NafsinFerdous,newcomer1999,newcomer1999,win,Queens Gambit Declined Chigorin Defense 3.e3,D07,NafsinFerdous won by resignation,10:00,Unknown,1385,1349,36,22,44,13,3,1,0,13,31,https://www.chess.com/game/live/148218919558
2026.01.20,14:19:38,white,NafsinFerdous,Iam4theHippos,Iam4theHippos,loss,Kings Pawn Opening 1...e5,C20,Iam4theHippos won by resignation,10:00,Unknown,1385,1399,-14,3,6,0,0,0,0,2,4,https://www.chess.com/game/live/148255474458
2026.01.21,09:31:46,white,NafsinFerdous,jujulketae,jujulketae,win,Sicilian Defense Open,B30,NafsinFerdous won by checkmate,5:00,Unknown,1364,1363,1,33,65,12,3,2,0,14,51,https://www.chess.com/game/live/148288630144
2026.01.23,09:18:56,white,NafsinFerdous,vishal-bhardwaj,vishal-bhardwaj,win,Kings Pawn Opening 1...e5,C20,NafsinFerdous won by resignation,10:00,Unknown,1385,1457,-72,25,49,11,2,1,0,14,35,https://www.chess.com/game/live/148374139512
2026.01.24,09:45:51,black,kjonnnn,NafsinFerdous,kjonnnn,win,Sicilian Defense Open Variation 4...Nf6 5.Bd3,B54,NafsinFerdous won by checkmate,5:00,Unknown,1375,1333,42,24,48,16,1,2,0,16,32,https://www.chess.com/game/live/148418182112
2026.01.24,09:52:07,black,Eros-74,NafsinFerdous,Eros-74,draw,Queens Pawn Opening 1...d5 2.e3 c5,D00,Game drawn by insufficient material,5:00,Unknown,1375,1369,6,75,150,29,14,2,0,30,120,https://www.chess.com/game/live/148418363698
2026.01.27,19:06:12,white,NafsinFerdous,MasterYeet007,MasterYeet007,loss,Ruy Lopez Opening Old Steinitz Defense 4.O O,C62,MasterYeet007 won by checkmate,5:00,Unknown,1363,1363,0,11,22,5,2,1,0,12,10,https://www.chess.com/game/live/148569615056
2026.01.27,19:18:33,white,NafsinFerdous,MasterYeet007,MasterYeet007,loss,Ruy Lopez Opening Old Steinitz Defense 4.d4 exd4 5.Nxd4 Bd7,C62,MasterYeet007 won on time,5:00,Unknown,1363,1371,-8,37,74,20,10,2,0,15,59,https://www.chess.com/game/live/148570100830
2026.01.28,14:37:48,black,barbej,NafsinFerdous,barbej,win,Sicilian Defense Bowdler Attack 2...e6,B20,NafsinFerdous won by resignation,5:00,Unknown,1374,1366,8,13,26,4,0,1,0,10,16,https://www.chess.com/game/live/163920632548
2026.01.28,14:41:23,white,NafsinFerdous,joostwes,joostwes,win,Caro Kann Defense Exchange Variation 3...cxd5,B13,NafsinFerdous won by resignation,5:00,Unknown,1385,1384,1,31,62,16,3,2,0,14,48,https://www.chess.com/game/live/163920777618
2026.01.28,14:48:07,black,PadreKDS,NafsinFerdous,PadreKDS,loss,Queens Gambit Accepted Old Variation 3...c5 4.Bxc4 cxd4 5.exd4,D20,PadreKDS won by resignation,5:00,Unknown,1375,1391,-16,32,63,16,4,2,0,19,44,https://www.chess.com/game/live/163921050432
2026.01.28,19:03:11,black,adnan5120,NafsinFerdous,adnan5120,win,Sicilian Defense 2.Nf3 d6 3.Bc4 e6,B50,NafsinFerdous won by checkmate,15:00 + 10s,Unknown,1387,845,542,35,70,18,16,1,1,11,59,https://www.chess.com/game/live/163931543128
2026.01.28,19:16:08,white,NafsinFerdous,adnan5120,adnan5120,draw,Kings Pawn Opening Kings Knight Variation,C40,Game drawn by agreement,15:00 + 10s,Unknown,1372,857,515,22,43,10,9,1,0,11,32,https://www.chess.com/game/live/163932053046
2026.01.28,19:22:47,white,NafsinFerdous,adnan5120,adnan5120,win,Kings Pawn Opening Kings Knight Variation,C40,NafsinFerdous won by checkmate,15:00 + 10s,Unknown,1372,857,515,20,39,6,9,0,0,8,31,https://www.chess.com/game/live/163932313816
2026.01.28,20:06:24,black,YoussefJoe92,NafsinFerdous,YoussefJoe92,win,Sicilian Defense Open Classical Variation 6.Bb5 Bd7 7.O O,B56,NafsinFerdous won by resignation,10:00,Unknown,1389,1378,11,26,52,14,0,2,0,16,36,https://www.chess.com/game/live/163933949686
2026.01.29,19:32:51,white,NafsinFerdous,xojiboqiyev-jasur,xojiboqiyev-jasur,win,Philidor Defense 3.d4,C41,NafsinFerdous won by resignation,5:00,Unknown,1386,1384,2,18,35,11,2,0,0,9,26,https://www.chess.com/game/live/163976733076
2026.01.29,19:37:25,black,Paulus888,NafsinFerdous,Paulus888,loss,Sicilian Defense Taimanov Variation 5.Nc3 d6 6.Bc4 Nf6,B45,Paulus888 won by resignation,5:00,Unknown,1377,1415,-38,14,27,10,3,1,0,9,18,https://www.chess.com/game/live/163976909506
2026.01.29,19:39:19,black,AgusAmri77,NafsinFerdous,AgusAmri77,win,Sicilian Defense McDonnell Attack 2...d6 3.Nf3 Nc6,B21,NafsinFerdous won by resignation,5:00,Unknown,1386,1347,39,24,48,15,2,2,0,15,33,https://www.chess.com/game/live/163976983336
2026.01.30,17:21:46,white,NafsinFerdous,adnan5120,adnan5120,win,Ruy Lopez Opening,C60,NafsinFerdous won by checkmate,10:00,Unknown,1389,857,532,22,43,5,3,2,0,8,35,https://www.chess.com/game/live/164016148570
2026.01.30,17:32:09,black,adnan5120,NafsinFerdous,adnan5120,loss,Sicilian Defense,B20,adnan5120 won by checkmate,10:00,Unknown,1389,857,532,17,33,8,4,0,0,11,22,https://www.chess.com/game/live/164016582178
2026.01.30,17:37:36,white,NafsinFerdous,adnan5120,adnan5120,win,English Opening Kings English Variation,A20,NafsinFerdous won by checkmate,10:00,Unknown,1389,857,532,33,65,15,8,1,0,16,49,https://www.chess.com/game/live/164016809816
2026.01.30,19:01:06,white,NafsinFerdous,adnan5120,adnan5120,win,Petrovs Defense Steinitz Attack Symmetrical Center Variation Murey Variation 5.dxe5,C43,NafsinFerdous won by checkmate,15:00 + 10s,Unknown,1389,857,532,19,37,12,7,1,0,8,29,https://www.chess.com/game/live/164020135316
2026.01.30,19:06:57,black,adnan5120,NafsinFerdous,adnan5120,win,Caro Kann Defense Advance Variation,B12,NafsinFerdous won by checkmate,15:00 + 10s,Unknown,1389,857,532,44,88,22,6,2,0,22,66,https://www.chess.com/game/live/164020359868
2026.01.30,19:31:51,white,NafsinFerdous,adnan5120,adnan5120,loss,Kings Gambit Accepted,C33,adnan5120 won by checkmate,15:00 + 10s,Unknown,1389,857,532,36,72,17,12,1,2,20,52,https://www.chess.com/game/live/164021305566
2026.01.30,19:46:06,black,adnan5120,NafsinFerdous,adnan5120,win,Scandinavian Defense 2.e5 c5,B01,NafsinFerdous won by checkmate,15:00 + 10s,Unknown,1389,857,532,21,42,11,5,2,0,13,29,https://www.chess.com/game/live/164021838182
2026.01.30,19:53:23,white,NafsinFerdous,adnan5120,adnan5120,win,Kings Pawn Opening Kings Knight Variation,C40,NafsinFerdous won - game abandoned,15:00 + 10s,Unknown,1389,857,532,2,3,0,0,0,0,2,1,https://www.chess.com/game/live/164022106626
2026.01.30,20:03:38,white,NafsinFerdous,Harimatah,Harimatah,loss,Ruy Lopez Opening Classical Defense 4.O O d6 5.c3,C64,Harimatah won by resignation,5:00,Unknown,1377,1394,-17,25,50,15,3,1,0,17,33,https://www.chess.com/game/live/164022477994
2026.01.30,20:09:48,white,NafsinFerdous,Agus00777,Agus00777,draw,French Defense Knight Variation,C00,Game drawn by repetition,5:00,Unknown,1376,1356,20,55,110,27,14,1,0,27,83,https://www.chess.com/game/live/164022699192
2026.01.30,20:19:03,black,Agus00777,NafsinFerdous,Agus00777,win,Sicilian Defense Bowdler Attack 2...e6,B20,NafsinFerdous won by checkmate,5:00,Unknown,1384,1348,36,46,92,17,12,2,0,21,71,https://www.chess.com/game/live/164023031092
2026.01.31,06:37:03,white,NafsinFerdous,adnan5120,adnan5120,win,Petrovs Defense Classical Variation,C42,NafsinFerdous won on time,1/86400,Unknown,900,400,500,5,9,2,0,0,0,3,6,https://www.chess.com/game/daily/924038047
2026.01.31,06:37:58,white,NafsinFerdous,adnan5120,adnan5120,win,Ruy Lopez Opening Morphy Defense Columbus Variation,C77,NafsinFerdous won by checkmate,5:00,Unknown,1384,650,734,21,41,13,6,1,0,8,33,https://www.chess.com/game/live/164038429688
2026.01.31,06:44:48,black,adnan5120,NafsinFerdous,adnan5120,draw,Sicilian Defense Staunton Cochrane Variation,B20,Game drawn by stalemate,10:00,Unknown,1389,857,532,64,128,23,19,2,3,30,98,https://www.chess.com/game/live/164038592704
2026.01.31,06:57:38,white,NafsinFerdous,adnan5120,adnan5120,win,Danish Gambit Declined Sorensen Defense 4.exd5 Qxd5 5.cxd4,C21,NafsinFerdous won by checkmate,10:00,Unknown,1389,857,532,21,41,13,10,1,0,10,31,https://www.chess.com/game/live/164038900230
2026.01.31,07:03:35,black,adnan5120,NafsinFerdous,adnan5120,win,Center Game,C21,NafsinFerdous won by resignation,10:00,Unknown,1389,857,532,26,52,18,3,2,0,16,36,https://www.chess.com/game/live/164039043448
2026.01.31,07:16:19,white,NafsinFerdous,adnan5120,adnan5120,win,Scotch Game 3...d6,C45,NafsinFerdous won by resignation,10:00,Unknown,1389,857,532,24,47,10,1,1,0,16,31,https://www.chess.com/game/live/164039356584
2026.01.31,07:31:06,black,MediSanti,NafsinFerdous,MediSanti,win,Sicilian Defense Open Scheveningen Sozin Attack 6...Be7 7.O O O O,B80,NafsinFerdous won by resignation,10:00,Unknown,1404,1359,45,36,72,18,1,2,0,22,50,https://www.chess.com/game/live/164039726474
2026.01.31,07:46:36,white,NafsinFerdous,adnan5120,adnan5120,win,Petrovs Defense Steinitz Attack Symmetrical Center Variation 4...d5 5.dxe5,C43,NafsinFerdous won by resignation,10:00,Unknown,1404,857,547,44,87,21,16,0,0,14,73,https://www.chess.com/game/live/164040123868
2026.01.31,08:02:49,black,adnan5120,NafsinFerdous,adnan5120,win,Sicilian Defense Smith Morra Gambit 2...cxd4 3.Qxd4 Nc6,B21,NafsinFerdous won by checkmate,15:00 + 10s,Unknown,1404,857,547,10,20,7,2,0,0,7,13,https://www.chess.com/game/live/164040545924
2026.01.31,08:05:28,white,NafsinFerdous,adnan5120,adnan5120,loss,Petrovs Defense Classical Variation,C42,adnan5120 won by resignation,15:00 + 10s,Unknown,1404,857,547,6,11,3,1,0,0,2,9,https://www.chess.com/game/live/164040614814
2026.01.31,08:08:48,black,adnan5120,NafsinFerdous,adnan5120,win,Sicilian Defense Open Variation 4...Nf6,B54,NafsinFerdous won by resignation,15:00 + 10s,Unknown,1404,857,547,14,28,9,2,1,0,7,21,https://www.chess.com/game/live/164040702088
2026.02.01,13:40:13,black,adnan5120,NafsinFerdous,adnan5120,draw,Sicilian Defense,B20,Game drawn by stalemate,15:00 + 10s,Unknown,1390,844,546,58,116,23,11,1,1,32,84,https://www.chess.com/game/live/164094560354
2026.02.01,13:56:58,black,adnan5120,NafsinFerdous,adnan5120,win,Sicilian Defense Smith Morra Gambit 2...cxd4 3.Qxd4 Nc6,B21,NafsinFerdous won by checkmate,15:00 + 10s,Unknown,1391,843,548,27,54,13,4,2,0,17,37,https://www.chess.com/game/live/164095197116
2026.02.01,14:06:46,white,NafsinFerdous,adnan5120,adnan5120,draw,Scotch Game 3...d6,C45,Game drawn by stalemate,15:00 + 10s,Unknown,1391,843,548,57,113,26,14,0,0,21,92,https://www.chess.com/game/live/164095569656
2026.02.01,14:25:50,black,adnan5120,NafsinFerdous,adnan5120,loss,Sicilian Defense,B20,adnan5120 won by checkmate,1:00,Unknown,1204,357,847,12,23,5,2,0,0,6,17,https://www.chess.com/game/live/164096286344
2026.02.01,14:27:24,white,NafsinFerdous,adnan5120,adnan5120,win,Scotch Game 3...exd4 4.Nxd4 Nxd4 5.Qxd4,C45,NafsinFerdous won on time,1:00,Unknown,1204,357,847,26,51,16,4,2,0,11,40,https://www.chess.com/game/live/164096345362
2026.02.01,15:53:35,black,adnan5120,NafsinFerdous,adnan5120,loss,French Defense Advance Variation,C02,adnan5120 won on time,1:00,Unknown,1204,357,847,29,57,13,5,0,0,12,45,https://www.chess.com/game/live/164099664416
2026.02.01,15:55:56,white,NafsinFerdous,adnan5120,adnan5120,loss,Center Game Accepted 3.Qxd4,C21,adnan5120 won on time,1:00,Unknown,1204,357,847,24,48,16,5,2,0,8,40,https://www.chess.com/game/live/164099755574
2026.02.01,15:58:32,white,NafsinFerdous,adnan5120,adnan5120,win,Scotch Game 3...exd4 4.Nxd4 Nxd4 5.Qxd4,C45,NafsinFerdous won by checkmate,1:00 + 1s,Unknown,1205,357,848,12,23,8,3,0,0,5,18,https://www.chess.com/game/live/164099856576
2026.02.01,15:59:34,white,NafsinFerdous,Dannytai0328,Dannytai0328,loss,Scotch Game 3...exd4 4.Nxd4 d6,C45,Dannytai0328 won by resignation,1:00 + 1s,Unknown,1171,1232,-61,23,46,14,2,2,0,13,33,https://www.chess.com/game/live/164099896662
2026.02.01,16:02:03,white,NafsinFerdous,Alisson-Br-ADL,Alisson-Br-ADL,loss,Philidor Defense Nimzowitsch Variation 4.dxe5 Nxe4,C41,Alisson-Br-ADL won by resignation,1:00 + 1s,Unknown,1137,1165,-28,34,68,17,1,2,0,15,53,https://www.chess.com/game/live/164099992456
2026.02.01,16:11:14,black,adnan5120,NafsinFerdous,adnan5120,win,Sicilian Defense Bowdler Attack,B20,NafsinFerdous won on time,1:00,Unknown,1137,357,780,22,44,10,5,1,0,10,34,https://www.chess.com/game/live/164100358040
2026.02.01,16:13:31,white,NafsinFerdous,adnan5120,adnan5120,win,Italian Game,C50,NafsinFerdous won by checkmate,1:00,Unknown,1137,357,780,17,33,8,2,1,0,13,20,https://www.chess.com/game/live/164100449152
2026.02.01,16:15:16,black,adnan5120,NafsinFerdous,adnan5120,win,Kings Pawn Opening Kings Knight Variation,C40,NafsinFerdous won on time,1:00,Unknown,1137,357,780,26,52,15,6,1,0,11,41,https://www.chess.com/game/live/164100518968
2026.02.01,16:17:35,white,NafsinFerdous,adnan5120,adnan5120,win,Ruy Lopez Opening Morphy Defense Columbus Variation,C77,NafsinFerdous won on time,1:00,Unknown,1137,357,780,19,37,11,4,1,0,11,26,https://www.chess.com/game/live/164100612390
2026.02.01,16:19:22,black,adnan5120,NafsinFerdous,adnan5120,win,Caro Kann Defense 2.Nf3,B10,NafsinFerdous won on time,1:00,Unknown,1137,357,780,30,60,18,2,2,0,13,47,https://www.chess.com/game/live/164100684566
2026.02.01,16:21:31,white,NafsinFerdous,adnan5120,adnan5120,win,Englund Gambit 2.dxe5,A40,NafsinFerdous won by checkmate,1:00,Unknown,1137,357,780,16,31,11,2,1,0,7,24,https://www.chess.com/game/live/164100771730
2026.02.01,16:23:02,black,adnan5120,NafsinFerdous,adnan5120,loss,Petrovs Defense Classical Variation,C42,adnan5120 won by checkmate,1:00,Unknown,1137,357,780,8,15,4,1,1,0,2,13,https://www.chess.com/game/live/164100832756
2026.02.01,16:23:38,white,NafsinFerdous,adnan5120,adnan5120,win,Vienna Game Max Lange Vienna Gambit 3...exf4,C25,NafsinFerdous won by checkmate,1:00,Unknown,1137,357,780,18,35,7,6,1,0,10,25,https://www.chess.com/game/live/164100857508
2026.02.01,16:25:24,black,adnan5120,NafsinFerdous,adnan5120,loss,Sicilian Defense,B20,adnan5120 won by checkmate,1:00,Unknown,1137,357,780,18,35,12,4,1,0,9,26,https://www.chess.com/game/live/164100928742
2026.02.01,16:27:11,white,NafsinFerdous,adnan5120,adnan5120,loss,Scotch Game Steinitz Variation,C45,adnan5120 won by checkmate,1:00,Unknown,1137,357,780,9,18,6,2,0,0,6,12,https://www.chess.com/game/live/164101001342
2026.02.01,16:28:00,black,adnan5120,NafsinFerdous,adnan5120,win,Sicilian Defense,B20,NafsinFerdous won by checkmate,1:00,Unknown,1137,357,780,22,44,13,10,1,0,8,36,https://www.chess.com/game/live/164101034760
2026.02.01,16:30:04,white,NafsinFerdous,adnan5120,adnan5120,win,Ruy Lopez Opening Morphy Defense Caro Variation 5.Bb3,C70,NafsinFerdous won on time,1:00,Unknown,1137,357,780,24,47,16,2,2,0,15,32,https://www.chess.com/game/live/164101117558
2026.02.01,16:32:20,black,adnan5120,NafsinFerdous,adnan5120,loss,Old Benoni Defense Franco Benoni Defense...4.exd5 d6 5.Nf3 Nf6,A43,adnan5120 won on time,1:00,Unknown,1137,357,780,17,33,8,2,2,0,10,23,https://www.chess.com/game/live/164101207994
2026.02.01,18:10:52,white,NafsinFerdous,adnan5120,adnan5120,win,Bishops Opening,C23,NafsinFerdous won on time,1:00 + 1s,Unknown,1138,357,781,40,79,20,4,1,0,18,61,https://www.chess.com/game/live/164105116074
2026.02.01,18:14:25,black,adnan5120,NafsinFerdous,adnan5120,win,Bishops Opening Boi Variation,C20,NafsinFerdous won by checkmate,1:00 + 1s,Unknown,1139,357,782,16,32,11,3,2,0,4,28,https://www.chess.com/game/live/164105250916
2026.02.01,18:16:07,white,NafsinFerdous,adnan5120,adnan5120,win,Italian Game,C50,NafsinFerdous won by checkmate,1:00 + 1s,Unknown,1140,357,783,8,15,3,1,1,0,7,8,https://www.chess.com/game/live/164105315258
2026.02.01,18:17:12,white,NafsinFerdous,adnan5120,adnan5120,win,Kings Pawn Opening 1...e5,C20,NafsinFerdous won on time,1:00 + 1s,Unknown,1140,357,783,40,79,23,8,1,0,17,62,https://www.chess.com/game/live/164105356212
2026.02.01,18:20:43,black,adnan5120,NafsinFerdous,adnan5120,loss,Vienna Game Anderssen Defense 3.Nf3,C25,adnan5120 won by checkmate,1:00 + 1s,Unknown,1140,357,783,43,85,22,7,2,0,27,58,https://www.chess.com/game/live/164105490552
2026.02.01,18:24:13,white,NafsinFerdous,adnan5120,adnan5120,win,Scotch Game,C45,NafsinFerdous won by checkmate,1:00 + 1s,Unknown,1140,357,783,48,95,26,13,1,2,28,67,https://www.chess.com/game/live/164105623572
2026.02.01,18:27:35,black,adnan5120,NafsinFerdous,adnan5120,win,Four Knights Game Italian Variation,C47,NafsinFerdous won by checkmate,1:00 + 1s,Unknown,1140,357,783,24,48,15,5,2,0,10,38,https://www.chess.com/game/live/164105750886
2026.02.01,18:29:43,white,NafsinFerdous,adnan5120,adnan5120,win,Philidor Defense Nimzowitsch Variation 4.dxe5 Nxe4,C41,NafsinFerdous won by checkmate,1:00 + 1s,Unknown,1140,357,783,36,71,16,9,1,0,12,59,https://www.chess.com/game/live/164105830570
2026.02.01,18:32:34,black,adnan5120,NafsinFerdous,adnan5120,loss,Four Knights Game,C47,adnan5120 won by checkmate,1:00 + 1s,Unknown,1140,357,783,30,59,13,5,2,0,18,41,https://www.chess.com/game/live/164105939650
2026.02.01,18:35:15,white,NafsinFerdous,adnan5120,adnan5120,loss,Scotch Game 3...d6,C45,adnan5120 won by checkmate,1:00 + 1s,Unknown,1140,357,783,65,130,26,18,1,1,25,105,https://www.chess.com/game/live/164106043200
2026.02.01,18:39:10,black,adnan5120,NafsinFerdous,adnan5120,loss,Caro Kann Defense Advance Botvinnik Carls Defense 4.dxc5 e6 5.Nf3 Bxc5,B12,adnan5120 won on time,1:00 + 1s,Unknown,1140,357,783,55,109,23,10,1,1,31,78,https://www.chess.com/game/live/164106193008
2026.02.01,18:43:24,white,NafsinFerdous,adnan5120,adnan5120,loss,Scotch Game,C45,adnan5120 won by checkmate,1:00 + 1s,Unknown,1140,357,783,13,26,9,3,0,0,6,20,https://www.chess.com/game/live/164106355582
2026.02.02,02:49:06,black,EWRB-2608_61,NafsinFerdous,EWRB-2608_61,win,English Opening Kings English Variation...3.Bg2 Be7 4.Nc3 O O,A20,NafsinFerdous won by checkmate,10:00,Unknown,1406,1387,19,33,66,17,9,1,0,14,52,https://www.chess.com/game/live/164119856020
2026.02.02,02:59:08,white,NafsinFerdous,buckslayer17,buckslayer17,win,Ruy Lopez Opening Morphy Defense Columbus Variation...5.O O b5 6.Bb3 d6 7.c3,C78,NafsinFerdous won - game abandoned,10:00,Unknown,1420,1382,38,19,37,8,1,2,0,14,23,https://www.chess.com/game/live/164120065172
2026.02.02,17:22:25,white,NafsinFerdous,adnan5120,adnan5120,win,Ruy Lopez Opening Morphy Defense Caro Variation 5.Bb3,C70,NafsinFerdous won by checkmate,1:00 + 1s,Unknown,1141,357,784,19,37,11,4,1,0,9,28,https://www.chess.com/game/live/164146301484
2026.02.02,17:23:58,black,adnan5120,NafsinFerdous,adnan5120,win,Old Benoni Defense 2.d5 d6 3.e4,A43,NafsinFerdous won by checkmate,1:00 + 1s,Unknown,1142,357,785,75,150,29,14,2,1,35,115,https://www.chess.com/game/live/164146366714
2026.02.02,17:28:20,white,NafsinFerdous,adnan5120,adnan5120,loss,Philidor Defense Exchange Variation 4.Nxd4,C41,adnan5120 won by checkmate,1:00 + 1s,Unknown,1080,380,700,11,22,5,2,1,0,7,15,https://www.chess.com/game/live/164146549176
2026.02.02,17:29:24,black,adnan5120,NafsinFerdous,adnan5120,win,Closed Sicilian Defense Traditional Line 3.Nf3 d6 4.d4,B23,NafsinFerdous won by checkmate,1:00 + 1s,Unknown,1081,380,701,22,44,10,3,2,0,8,36,https://www.chess.com/game/live/164146593856
2026.02.02,17:32:00,white,NafsinFerdous,adnan5120,adnan5120,win,Sicilian Defense Open Variation 4...Nf6 5.Nc3 e5,B56,NafsinFerdous won by resignation,1:00 + 1s,Unknown,1081,380,701,9,17,2,0,0,0,6,11,https://www.chess.com/game/live/164146702506
2026.02.02,17:32:42,black,adnan5120,NafsinFerdous,adnan5120,win,Queens Pawn Opening Zukertort Variation 2...e6 3.e3 c5,D02,NafsinFerdous won by checkmate,1:00 + 1s,Unknown,1081,380,701,28,56,16,5,2,0,11,45,https://www.chess.com/game/live/164146731810
2026.02.02,17:35:42,white,NafsinFerdous,adnan5120,adnan5120,win,Sicilian Defense 2.Nf3,B27,NafsinFerdous won by checkmate,1:00 + 1s,Unknown,1081,380,701,26,51,11,6,2,0,11,40,https://www.chess.com/game/live/164146857282
2026.02.02,17:38:27,black,adnan5120,NafsinFerdous,adnan5120,win,Queens Pawn Opening 1...d5 2.e3 c5,D00,NafsinFerdous won by checkmate,1:00 + 1s,Unknown,1081,380,701,13,26,5,2,2,0,8,18,https://www.chess.com/game/live/164146972044
2026.02.02,17:39:16,white,NafsinFerdous,adnan5120,adnan5120,win,Sicilian Defense 2.Nf3,B27,NafsinFerdous won by resignation,1:00 + 1s,Unknown,1081,380,701,18,35,13,4,0,0,12,23,https://www.chess.com/game/live/164147006234
2026.02.02,17:42:43,white,NafsinFerdous,adnan5120,adnan5120,win,Sicilian Defense Anti Qxd4 Move Order 4.Nc3,B50,NafsinFerdous won by checkmate,15:00 + 10s,Unknown,1420,849,571,39,77,22,12,2,1,19,58,https://www.chess.com/game/live/164147150250
2026.02.02,18:46:53,white,NafsinFerdous,GrandmasterJohn15,GrandmasterJohn15,loss,Caro Kann Defense Exchange Variation 3...cxd5 4.Nf3,B13,GrandmasterJohn15 won by checkmate,2:00 + 1s,Unknown,1052,1090,-38,26,52,16,6,1,0,15,37,https://www.chess.com/game/live/164149773264
2026.02.02,18:49:37,black,AntonioRushing,NafsinFerdous,AntonioRushing,loss,Sicilian Defense Bowdler Attack 2...e6,B20,AntonioRushing won on time,2:00 + 1s,Unknown,1024,1039,-15,38,75,20,12,2,0,17,58,https://www.chess.com/game/live/164149882514
2026.02.02,18:55:07,black,usertc,NafsinFerdous,usertc,loss,Sicilian Defense,B20,usertc won by resignation,3:00,Unknown,1375,1400,-25,20,39,14,9,0,0,8,31,https://www.chess.com/game/live/164150100852
2026.02.02,18:57:26,white,NafsinFerdous,SMR8888,SMR8888,win,Philidor Defense,C41,NafsinFerdous won by checkmate,3:00,Unknown,1384,1379,5,18,35,9,3,1,0,11,24,https://www.chess.com/game/live/164150192654
2026.02.02,19:00:07,black,SMR8888,NafsinFerdous,SMR8888,loss,Sicilian Defense 2.Nf3 d6 3.Nc3 Nf6,B50,SMR8888 won on time,3:00,Unknown,1375,1387,-12,31,61,14,1,2,0,20,41,https://www.chess.com/game/live/164150298234
2026.02.02,19:05:57,white,NafsinFerdous,SMR8888,SMR8888,win,Sicilian Defense Open 3...cxd4 4.Nxd4 d6 5.Nc3,B33,NafsinFerdous won on time,3:00,Unknown,1384,1379,5,65,129,24,7,2,0,36,93,https://www.chess.com/game/live/164150528644
2026.02.02,19:12:11,black,SMR8888,NafsinFerdous,SMR8888,loss,Birds Opening Dutch Variation 2.Nf3 c5 3.e3,A03,SMR8888 won by checkmate,3:00,Unknown,1376,1387,-11,16,31,8,2,2,0,10,21,https://www.chess.com/game/live/164150774962
2026.02.02,19:13:45,white,NafsinFerdous,SMR8888,SMR8888,loss,Philidor Defense 3.d4,C41,SMR8888 won on time,3:00,Unknown,1368,1395,-27,38,76,18,4,1,0,24,52,https://www.chess.com/game/live/164150836658
2026.02.02,19:19:34,white,NafsinFerdous,ranrodriguez,ranrodriguez,win,Scotch Game 3...exd4 4.Nxd4 Nxd4 5.Qxd4,C45,NafsinFerdous won by resignation,5:00,Unknown,1376,1381,-5,19,37,9,1,2,0,12,25,https://www.chess.com/game/live/164151066386
2026.02.02,19:23:39,white,NafsinFerdous,fromsiverek,fromsiverek,win,Scandinavian Defense Mieses Kotrc Variation 3.Nc3 Qd8 4.Nf3,B01,NafsinFerdous won on time,5:00,Unknown,1384,1373,11,51,101,21,8,2,0,18,83,https://www.chess.com/game/live/164151226902
2026.02.04,06:59:31,black,adnan5120,NafsinFerdous,adnan5120,win,Nimzowitsch Defense 2.d4 e6 3.Nf3 d5 4.e5,B00,NafsinFerdous won by checkmate,10:00,Unknown,1420,849,571,30,60,17,10,0,0,18,42,https://www.chess.com/game/live/164213940710
2026.02.04,14:29:43,black,Bar-DL,NafsinFerdous,Bar-DL,win,Sicilian Defense 2.Nf3 d6,B50,NafsinFerdous won by resignation,10:00,Unknown,1435,1433,2,29,57,14,1,2,0,22,35,https://www.chess.com/game/live/164228442134
2026.02.04,14:37:54,black,mihailbachurin,NafsinFerdous,mihailbachurin,win,Sicilian Defense Bowdler Attack 2...e6,B20,NafsinFerdous won by resignation,10:00,Unknown,1449,1449,0,30,60,12,6,2,0,23,37,https://www.chess.com/game/live/164228773064
2026.02.04,14:49:56,black,Hoangviet8888,NafsinFerdous,Hoangviet8888,loss,Sicilian Defense Chekhover Variation 4...Nf6,B53,Hoangviet8888 won by checkmate,10:00,Unknown,1435,1435,0,46,91,19,11,1,0,21,70,https://www.chess.com/game/live/164229265014
2026.02.05,10:15:20,white,NafsinFerdous,P0ppaBluey,P0ppaBluey,win,Petrovs Defense Classical Variation,C42,NafsinFerdous won by resignation,10:00,Unknown,1447,1415,32,26,52,17,2,2,0,14,38,https://www.chess.com/game/live/164264013242
2026.02.06,19:01:58,white,NafsinFerdous,eyapim,eyapim,win,Caro Kann Defense 2.Nf3,B10,NafsinFerdous won by resignation,10:00,Unknown,1459,1442,17,37,73,22,3,2,0,23,50,https://www.chess.com/game/live/164329825484
2026.02.07,07:31:43,black,baki4783,NafsinFerdous,baki4783,loss,Sicilian Defense 2.Nf3 d6,B50,baki4783 won on time,3:00,Unknown,1376,1410,-34,40,79,13,4,2,0,20,59,https://www.chess.com/game/live/164349562490
2026.02.08,17:12:29,black,Arahana2134,NafsinFerdous,Arahana2134,win,Closed Sicilian Defense 2...d6 3.g3 Nf6 4.Bg2,B23,NafsinFerdous won by resignation,3:00,Unknown,1376,980,396,9,18,0,0,2,0,8,10,https://www.chess.com/game/live/164414017284
2026.02.10,16:58:26,black,xchesshirecatx,NafsinFerdous,xchesshirecatx,win,Old Benoni Defense 2.e3 cxd4,A43,NafsinFerdous won by resignation,3:00,Unknown,1376,1503,-127,9,18,5,1,0,0,7,11,https://www.chess.com/game/live/164503186820
2026.02.11,06:15:38,black,arivero07,NafsinFerdous,arivero07,loss,Queens Pawn Opening 1...d5 2.e3 c5,D00,arivero07 won by resignation,3:00,Unknown,1376,1301,75,27,53,8,1,2,0,15,38,https://www.chess.com/game/live/164526750812
2026.02.11,07:31:41,white,NafsinFerdous,zaches2005,zaches2005,win,Petrovs Defense Classical Variation,C42,NafsinFerdous won on time,5:00,Unknown,1384,1357,27,49,97,25,11,2,1,24,73,https://www.chess.com/game/live/164528675720
2026.02.11,20:39:48,black,HanaGemilli2,NafsinFerdous,HanaGemilli2,win,Sicilian Defense Delayed Alapin Variation 3...Nf6 4.e5 dxe5 5.Nxe5,B50,NafsinFerdous won by checkmate,5:00,Unknown,1392,1378,14,22,44,14,7,2,0,14,30,https://www.chess.com/game/live/164558420850
2026.02.12,18:30:45,black,adnan5120,NafsinFerdous,adnan5120,win,Queens Pawn Opening 1...d5 2.e3 c5,D00,NafsinFerdous won by checkmate,10:00,Unknown,1459,861,598,17,34,9,1,2,0,15,19,https://www.chess.com/game/live/164599752448
2026.02.12,18:34:58,white,NafsinFerdous,adnan5120,adnan5120,win,Sicilian Defense Smith Morra Gambit,B21,NafsinFerdous won - game abandoned,10:00,Unknown,1459,861,598,10,19,7,1,0,0,9,10,https://www.chess.com/game/live/164599928806
2026.02.13,17:25:36,black,AvBots,NafsinFerdous,AvBots,win,Nimzowitsch Larsen Attack Modern Variation 2.Bb2 Nc6 3.Nf3,A01,NafsinFerdous won by checkmate,5:00,Unknown,1400,1366,34,14,28,10,3,0,0,9,19,https://www.chess.com/game/live/164643585418
2026.02.13,17:29:38,white,NafsinFerdous,Nunneroaavan_shakkiguru,Nunneroaavan_shakkiguru,win,Scotch Game Classical Variation 5.Nxc6 bxc6,C45,NafsinFerdous won by resignation,2:00 + 1s,Unknown,1050,1018,32,26,52,13,3,1,0,17,35,https://www.chess.com/game/live/164643761660
2026.02.13,17:34:06,white,NafsinFerdous,Roman_od,Roman_od,win,Scotch Game 3...exd4 4.Nxd4,C45,NafsinFerdous won by resignation,2:00 + 1s,Unknown,1073,1020,53,22,43,13,3,1,0,13,30,https://www.chess.com/game/live/164643954712
2026.02.13,17:37:50,black,zaidh-naseem16,NafsinFerdous,zaidh-naseem16,win,Sicilian Defense 2.Nf3 d6 3.Bc4 e6,B50,NafsinFerdous won by checkmate,10:00,Unknown,1472,1467,5,18,36,13,3,2,0,9,27,https://www.chess.com/game/live/164644115786
2026.02.13,18:15:59,black,Coach-Nadia,NafsinFerdous,Coach-Nadia,win,Queens Pawn Opening Amazon Attack,D00,NafsinFerdous won by checkmate,-,Unknown,1472,1600,-128,59,118,24,11,2,1,27,91,https://www.chess.com/game/daily/37174119
2026.02.14,17:11:12,white,NafsinFerdous,Coach-Hikaru,Coach-Hikaru,draw,Nimzowitsch Defense Scandinavian Exchange Variation 4.Nf3,B00,Game drawn by stalemate,-,Unknown,1472,2000,-528,71,141,28,13,2,1,27,114,https://www.chess.com/game/daily/38120687
2026.02.14,17:30:05,black,Coach-Hikaru,NafsinFerdous,Coach-Hikaru,win,Van t Kruijs Opening 1...d5,A00,NafsinFerdous won by checkmate,-,Unknown,1472,2000,-528,69,138,28,6,2,1,42,96,https://www.chess.com/game/daily/38146397
2026.02.15,06:50:14,white,NafsinFerdous,adnan5120,adnan5120,win,Sicilian Defense 2.Nf3 d6 3.d4,B50,NafsinFerdous won - game abandoned,10:00,Unknown,1472,861,611,23,45,12,6,1,0,13,32,https://www.chess.com/game/live/164711676602
2026.02.15,09:13:48,black,Efe3s,NafsinFerdous,Efe3s,win,Queens Pawn Opening Accelerated London Steinitz Countergambit,D00,NafsinFerdous won by resignation,5:00,Unknown,1408,1384,24,21,42,15,5,2,0,16,26,https://www.chess.com/game/live/164715783430
2026.02.15,09:20:11,white,NafsinFerdous,ananya2468,ananya2468,loss,Nimzowitsch Defense Scandinavian Exchange Variation,B00,ananya2468 won by resignation,5:00,Unknown,1401,1450,-49,27,54,17,10,0,0,13,41,https://www.chess.com/game/live/164715982844
2026.02.15,09:24:09,black,sheharyar88,NafsinFerdous,sheharyar88,win,Reti Opening Sicilian Invitation...3.Nxd4 d5 4.g3 e5,A04,NafsinFerdous won by resignation,5:00,Unknown,1409,1411,-2,5,10,3,0,0,0,7,3,https://www.chess.com/game/live/164716108184
2026.02.15,09:25:50,white,NafsinFerdous,mgrchess,mgrchess,win,Kings Gambit Accepted,C33,NafsinFerdous won on time,10:00,Unknown,1484,1464,20,42,83,14,12,0,0,25,58,https://www.chess.com/game/live/164716161434
2026.02.15,13:19:11,black,kellygerms,NafsinFerdous,kellygerms,win,Old Benoni Defense 2.e3,A43,NafsinFerdous won by resignation,5:00,Unknown,1417,1413,4,37,74,19,1,2,0,20,54,https://www.chess.com/game/live/164724355146
2026.02.15,13:31:23,white,NafsinFerdous,Coach-Hikaru,Coach-Hikaru,win,Nimzowitsch Defense Kennedy Linksspringer Variation 3...Nce7,B00,NafsinFerdous won by checkmate,-,Unknown,1484,2400,-916,56,111,27,8,2,1,32,79,https://www.chess.com/game/daily/38898515
2026.02.15,13:46:56,white,NafsinFerdous,MAGABuildTheWall,MAGABuildTheWall,loss,Modern Defense with 1 e4 2.d4 Bg7,B06,MAGABuildTheWall won by checkmate,5:00,Unknown,1409,1443,-34,68,136,28,19,1,2,33,103,https://www.chess.com/game/live/164725411824
2026.02.17,07:53:46,white,NafsinFerdous,Xasan_1980,Xasan_1980,win,Four Knights Game Scotch Variation Accepted 5.Nxd4 d6 6.Bb5,C47,NafsinFerdous won by resignation,10:00,Unknown,1496,1483,13,21,41,14,1,2,0,11,30,https://www.chess.com/game/live/164806500422
2026.02.17,08:02:25,black,Adillicious,NafsinFerdous,Adillicious,win,Queens Pawn Opening Chigorin Irish Gambit,D00,NafsinFerdous won by resignation,10:00,Unknown,1507,1481,26,55,110,25,9,2,1,28,82,https://www.chess.com/game/live/164806746080
2026.02.17,08:18:57,white,NafsinFerdous,hatemcctc,hatemcctc,loss,French Defense Exchange Variation 3...exd5 4.Nf3,C01,hatemcctc won by resignation,5:00,Unknown,1401,1424,-23,35,70,24,4,2,0,17,53,https://www.chess.com/game/live/164807223122
2026.02.17,08:45:38,black,EXPERTMATH,NafsinFerdous,EXPERTMATH,loss,Sicilian Defense Delayed Alapin Variation 3...Nf6 4.d3 g6,B50,EXPERTMATH won on time,5:00,Unknown,1393,1395,-2,36,71,16,6,2,0,16,55,https://www.chess.com/game/live/164808011556
2026.02.17,08:56:09,black,Vasilio58,NafsinFerdous,Vasilio58,win,Sicilian Defense Bowdler Attack,B20,NafsinFerdous won by resignation,5:00,Unknown,1401,1372,29,38,76,18,2,2,0,26,50,https://www.chess.com/game/live/164808329918
2026.02.18,05:40:16,white,NafsinFerdous,Marvy765,Marvy765,win,Ruy Lopez Opening Old Steinitz Defense 4.d4,C62,NafsinFerdous won by checkmate,10:00,Unknown,1507,1378,129,39,77,19,9,2,0,22,55,https://www.chess.com/game/live/164850603132
2026.02.18,05:58:20,black,Rampvnkk,NafsinFerdous,Rampvnkk,loss,Sicilian Defense 2.Nf3 d6 3.Bc4 e6,B50,Rampvnkk won by checkmate,5:00,Unknown,1392,1386,6,49,97,25,13,2,2,29,68,https://www.chess.com/game/live/164851055552
2026.02.18,06:05:59,white,NafsinFerdous,Alfen1005,Alfen1005,loss,Scandinavian Defense Mieses Kotrc Variation 3.Nc3 Qe5 4.Be2,B01,Alfen1005 won by resignation,5:00,Unknown,1384,1391,-7,22,43,12,5,0,0,10,33,https://www.chess.com/game/live/164851247764
2026.02.18,06:09:28,white,NafsinFerdous,adisaputra011084,adisaputra011084,loss,Four Knights Game Scotch Variation Accepted 5.Nxd4 Bb4,C47,adisaputra011084 won by resignation,5:00,Unknown,1376,1392,-16,24,48,8,1,2,0,11,37,https://www.chess.com/game/live/164851336292
2026.02.20,08:04:03,black,HappyHorse75,NafsinFerdous,HappyHorse75,loss,Sicilian Defense Open Dragon Rauzer Variation 9...Nxd4 10.Bxd4,B76,HappyHorse75 won by resignation,5:00,Unknown,1368,1363,5,16,31,7,1,2,0,10,21,https://www.chess.com/game/live/164948010204
2026.02.20,08:06:21,white,NafsinFerdous,Daurjan,Daurjan,loss,Ruy Lopez Opening Morphy Defense Modern Steinitz Defense 5.c3 Bd7 6.O O,C75,Daurjan won on time,5:00,Unknown,1359,1322,37,61,122,24,19,2,2,34,88,https://www.chess.com/game/live/164948073952
2026.02.20,08:16:26,white,NafsinFerdous,tolgaozkann,tolgaozkann,win,Ruy Lopez Opening Old Steinitz Defense 4.d4,C62,NafsinFerdous won by resignation,5:00,Unknown,1367,1332,35,27,53,15,2,2,0,17,36,https://www.chess.com/game/live/164948353036
2026.02.22,01:07:14,white,NafsinFerdous,AdamCharlize,AdamCharlize,draw,Ruy Lopez Opening Berlin Beverwijk Variation,C65,Game drawn by insufficient material,5:00,Unknown,1367,1535,-168,65,129,28,9,2,0,27,102,https://www.chess.com/game/live/165030583640
2026.02.26,14:55:58,black,KingAdde25,NafsinFerdous,KingAdde25,win,Queens Pawn Opening Chigorin Irish Gambit,D00,NafsinFerdous won on time,5:00,Unknown,1367,235,1132,24,48,14,6,1,0,13,35,https://www.chess.com/game/live/165238712014
2026.03.02,14:05:36,black,yotupapi1308,NafsinFerdous,yotupapi1308,loss,Nimzowitsch Larsen Attack Classical Variation 2.Bb2,A01,yotupapi1308 won by checkmate,5:00,Unknown,1359,1394,-35,21,41,9,1,2,0,12,29,https://www.chess.com/game/live/165411319858
2026.03.02,14:09:21,black,sagarrajpootpro,NafsinFerdous,sagarrajpootpro,win,Sicilian Defense Open 3...cxd4 4.Nxd4 d6 5.Nc3,B33,NafsinFerdous won by checkmate,5:00,Unknown,1367,1353,14,29,58,15,5,2,0,15,43,https://www.chess.com/game/live/165411463064
2026.03.02,14:19:02,black,Antiport,NafsinFerdous,Antiport,loss,Queens Pawn Opening Chigorin Irish Gambit,D00,Antiport won on time,5:00,Unknown,1359,1379,-20,54,107,21,9,1,0,27,80,https://www.chess.com/game/live/165411836660
2026.03.04,14:09:22,white,NafsinFerdous,RastySaraswati,RastySaraswati,draw,Caro Kann Defense Exchange Variation 3...cxd5 4.Nf3 Nf6,B13,Game drawn by timeout vs insufficient material,5:00,Unknown,1360,1383,-23,54,108,29,8,2,0,32,76,https://www.chess.com/game/live/165499907842
2026.03.05,13:19:05,white,NafsinFerdous,nobodycare_lol,nobodycare_lol,loss,Scandinavian Defense Mieses Kotrc Variation 3.Nc3 Qe5 4.Be2,B01,nobodycare_lol won by checkmate,5:00,Unknown,1352,1382,-30,16,32,5,2,2,0,9,23,https://www.chess.com/game/live/165541864744
2026.03.05,13:23:08,black,Vera-Idris,NafsinFerdous,Vera-Idris,loss,Queens Pawn Opening Krause Variation,D02,Vera-Idris won by resignation,5:00,Unknown,1343,1336,7,4,7,1,0,0,0,4,3,https://www.chess.com/game/live/165542013380
2026.03.05,13:23:44,white,NafsinFerdous,mapleden,mapleden,win,Alekhines Defense Normal Variation 3.Bc4,B02,NafsinFerdous won - game abandoned,5:00,Unknown,1351,1322,29,44,87,24,8,2,0,29,58,https://www.chess.com/game/live/165542035656
2026.03.05,13:34:52,white,NafsinFerdous,Hilarygame,Hilarygame,win,Ruy Lopez Opening Old Steinitz Defense 4.O O,C62,NafsinFerdous won by checkmate,5:00,Unknown,1359,1350,9,37,73,24,13,2,1,20,53,https://www.chess.com/game/live/165542433080
2026.03.05,13:44:04,black,bar2000bar,NafsinFerdous,bar2000bar,loss,Queens Gambit Declined Austrian Variation,D06,bar2000bar won by checkmate,10:00,Unknown,1494,1504,-10,33,65,23,9,1,0,12,53,https://www.chess.com/game/live/165542763980
2026.03.05,13:54:41,black,DxD670,NafsinFerdous,DxD670,win,Sicilian Defense...3.Bc4 Nf6 4.d3 e6,B50,NafsinFerdous won by resignation,10:00,Unknown,1507,1510,-3,64,127,24,8,1,1,34,93,https://www.chess.com/game/live/165543146640
2026.03.07,00:47:01,white,NafsinFerdous,invisibleandy1980,invisibleandy1980,loss,Caro Kann Defense Exchange Variation 3...cxd5 4.Nf3 Nc6,B13,invisibleandy1980 won by resignation,10:00,Unknown,1507,1544,-37,12,24,5,0,2,0,8,16,https://www.chess.com/game/live/165609768622
2026.03.09,08:20:06,white,NafsinFerdous,TheGhost254,TheGhost254,loss,Kings Pawn Opening,B00,TheGhost254 won by resignation,5:00,Unknown,1351,1379,-28,29,58,18,2,2,0,11,47,https://www.chess.com/game/live/165705597414
2026.03.09,08:25:46,black,NOEL63,NafsinFerdous,NOEL63,loss,Grob Opening,A00,NOEL63 won by resignation,5:00,Unknown,1344,1383,-39,23,45,15,2,1,0,14,31,https://www.chess.com/game/live/165705743260
2026.03.09,08:31:26,black,Oloyorda,NafsinFerdous,Oloyorda,win,Closed Sicilian Defense Traditional Line 3.Nf3 d6 4.Bc4,B23,NafsinFerdous won by resignation,5:00,Unknown,1352,1335,17,46,92,21,5,2,0,25,67,https://www.chess.com/game/live/165705888606
2026.03.09,21:14:06,black,AlekeraChess,NafsinFerdous,AlekeraChess,win,Sicilian Defense Smith Morra Gambit...3.Qxd4 Nc6 4.Qd1 Nf6,B21,NafsinFerdous won by resignation,5:00,Unknown,1352,1123,229,24,48,8,1,2,0,15,33,https://www.chess.com/game/live/165733689918
2026.03.10,10:10:15,black,dandydio,NafsinFerdous,dandydio,loss,Sicilian Defense Taimanov Bastrikov Variation 6.f4 Nxd4 7.Qxd4,B47,dandydio won by resignation,5:00,Unknown,1352,1428,-76,11,21,7,1,0,0,8,13,https://www.chess.com/game/live/165752935684
2026.03.10,10:14:24,white,NafsinFerdous,luciana_nazica,luciana_nazica,win,Scandinavian Defense Mieses Kotrc Variation 3.Nc3 Qd8 4.Nf3,B01,NafsinFerdous won by resignation,5:00,Unknown,1352,1299,53,39,77,18,2,2,1,21,56,https://www.chess.com/game/live/165753061860
2026.03.11,10:00:50,white,NafsinFerdous,bigo6161,bigo6161,loss,Ruy Lopez Opening Old Steinitz Defense 4.d4 Bd7,C62,bigo6161 won by resignation,5:00,Unknown,1344,1379,-35,12,24,10,3,1,0,7,17,https://www.chess.com/game/live/165796702180
2026.03.11,10:02:25,black,npchalson,NafsinFerdous,npchalson,win,Queens Pawn Opening Accelerated London System 2...e6 3.e3 c5,D00,NafsinFerdous won by resignation,5:00,Unknown,1352,1347,5,36,72,17,5,2,0,22,50,https://www.chess.com/game/live/165796748914
2026.03.11,10:13:32,white,NafsinFerdous,Kyralesov1983,Kyralesov1983,loss,Ruy Lopez Opening,C60,Kyralesov1983 won by resignation,5:00,Unknown,1344,1358,-14,34,68,19,7,1,0,21,47,https://www.chess.com/game/live/165797083996
2026.03.11,10:21:34,white,NafsinFerdous,walterwhite1411,walterwhite1411,loss,Philidor Defense Exchange Variation 4.Nxd4,C41,walterwhite1411 won by resignation,5:00,Unknown,1336,1353,-17,7,14,3,0,0,0,7,7,https://www.chess.com/game/live/165797328642
2026.03.13,08:59:43,black,orestgrabovskyi,NafsinFerdous,orestgrabovskyi,loss,Queens Pawn Opening Accelerated London Steinitz Countergambit,D00,orestgrabovskyi won by resignation,5:00,Unknown,1327,1323,4,10,19,3,0,1,0,7,12,https://www.chess.com/game/live/165882810826
2026.03.13,17:52:10,black,Aclc00,NafsinFerdous,Aclc00,loss,Sicilian Defense 2.Nf3 d6 3.Bc4 e6,B50,Aclc00 won on time,5:00,Unknown,1319,1320,-1,41,81,20,8,2,0,21,60,https://www.chess.com/game/live/165902414138
2026.03.13,18:06:06,white,NafsinFerdous,khalidwalid2512,khalidwalid2512,win,Ruy Lopez Opening Berlin Beverwijk Zukertort Gambit,C64,NafsinFerdous won by resignation,5:00,Unknown,1327,1300,27,29,58,13,1,2,0,18,40,https://www.chess.com/game/live/165902964912
2026.03.13,18:14:21,white,NafsinFerdous,posergjaec,posergjaec,win,Philidor Defense Exchange Variation 4.Nxd4,C41,NafsinFerdous won by checkmate,5:00,Unknown,1336,1341,-5,20,39,10,2,2,0,9,30,https://www.chess.com/game/live/165903289960
2026.03.14,18:46:16,white,NafsinFerdous,Brooklyn42,Brooklyn42,win,Sicilian Defense Open Lowenthal Variation 5.Nxc6 bxc6,B32,NafsinFerdous won by checkmate,5:00,Unknown,1336,1500,-164,45,89,20,8,2,1,25,64,https://www.chess.com/game/live/165947641306
2026.03.15,09:58:19,black,Arbi999999,NafsinFerdous,Arbi999999,win,Polish Opening Kucharkowski Meybohm Gambit 3.Bxe5 Nf6,A00,NafsinFerdous won by resignation,5:00,Unknown,1344,1343,1,46,92,24,4,2,0,25,67,https://www.chess.com/game/live/165971122212
2026.03.15,10:07:20,white,NafsinFerdous,Nostra001,Nostra001,loss,French Defense Knight Variation,C00,Nostra001 won on time,5:00,Unknown,1336,1345,-9,59,118,27,8,2,0,31,87,https://www.chess.com/game/live/165971392874
2026.03.15,12:53:13,black,xploxxx,NafsinFerdous,xploxxx,win,Catalan Opening Closed 4...dxc4 5.Nf3 Nc6 6.O O,E04,NafsinFerdous won by resignation,10:00,Unknown,1507,1440,67,32,64,16,0,2,0,14,50,https://www.chess.com/game/live/165976766128
2026.03.16,08:15:35,white,NafsinFerdous,wanbot76,wanbot76,loss,Scotch Game 3...exd4 4.Nxd4 Qf6,C45,wanbot76 won by checkmate,10:00,Unknown,1494,1504,-10,6,12,4,1,0,0,4,8,https://www.chess.com/game/live/166010911044
2026.03.16,08:16:23,black,RonARIG,NafsinFerdous,RonARIG,loss,Sicilian Defense Bowdler Attack 2...e6,B20,RonARIG won by resignation,10:00,Unknown,1482,1518,-36,23,45,11,2,2,0,12,33,https://www.chess.com/game/live/166010931592
2026.03.16,08:22:23,black,Bakyt64,NafsinFerdous,Bakyt64,win,Sicilian Defense Bowdler Attack 2...e6,B20,NafsinFerdous won by checkmate,10:00,Unknown,1493,1460,33,75,150,26,9,2,3,45,105,https://www.chess.com/game/live/166011086606
2026.03.17,09:37:54,white,NafsinFerdous,manbalec,manbalec,win,Scandinavian Defense Mieses Kotrc Main Line 4.d4 c6,B01,NafsinFerdous won by resignation,5:00,Unknown,1344,1308,36,20,39,8,1,1,0,9,30,https://www.chess.com/game/live/166057734492
2026.03.17,09:45:27,white,NafsinFerdous,IsaacxROG,IsaacxROG,loss,Ruy Lopez Opening Morphy Defense Caro Graz Variation,C70,IsaacxROG won by resignation,5:00,Unknown,1336,1363,-27,14,28,5,2,1,0,13,15,https://www.chess.com/game/live/166057956032
2026.03.17,09:46:51,white,NafsinFerdous,lacoste627,lacoste627,loss,Scotch Game,C45,lacoste627 won by resignation,5:00,Unknown,1328,1345,-17,28,56,15,6,0,0,12,44,https://www.chess.com/game/live/166057997388
2026.03.17,09:57:39,black,mslesarenko,NafsinFerdous,mslesarenko,loss,English Opening Symmetrical Three Knights System...7.Be2 O O 8.Be3 Nc6,A34,mslesarenko won by resignation,5:00,Unknown,1320,1334,-14,29,58,12,2,2,0,14,44,https://www.chess.com/game/live/166058318620
2026.03.17,10:04:22,white,NafsinFerdous,LeMerluche,LeMerluche,loss,Sicilian Defense Open Accelerated Dragon Modern Variation...8.Qd2 d5 9.exd5 Nxd5,B34,LeMerluche won by resignation,10:00,Unknown,1481,1485,-4,47,94,22,7,2,0,20,74,https://www.chess.com/game/live/166058519156
2026.03.22,19:55:38,black,Cutlas70,NafsinFerdous,Cutlas70,win,Sicilian Defense Delayed Alapin Variation 3...Nf6,B50,NafsinFerdous won by resignation,5:00,Unknown,1328,1305,23,40,80,20,8,2,0,26,54,https://www.chess.com/game/live/166296018534
2026.03.22,20:06:17,black,lgmnexus,NafsinFerdous,lgmnexus,loss,Sicilian Defense Delayed Alapin Variation 3...Nf6 4.Bc4 e6,B50,lgmnexus won by checkmate,5:00,Unknown,1321,1362,-41,34,67,17,4,2,0,15,52,https://www.chess.com/game/live/166296382668
2026.03.22,20:15:30,white,NafsinFerdous,Heavenly_Prawns,Heavenly_Prawns,win,Alekhines Defense Normal Variation 3.Bc4 Nb6 4.Bb3,B02,NafsinFerdous won by resignation,5:00,Unknown,1329,1303,26,6,11,1,1,0,0,3,8,https://www.chess.com/game/live/166296688014
2026.03.23,19:38:47,black,OcusPecus,NafsinFerdous,OcusPecus,win,Sicilian Defense Open Scheveningen Sozin Attack 6...Be7 7.O O O O,B80,NafsinFerdous won by resignation,10:00,Unknown,1492,1464,28,33,66,17,0,2,0,23,43,https://www.chess.com/game/live/166338418846
2026.03.23,19:53:00,white,NafsinFerdous,Vahan_arm,Vahan_arm,win,Ruy Lopez Opening Birds Defense 4.Nxd4 exd4 5.O O c6 6.Bc4,C61,NafsinFerdous won on time,10:00,Unknown,1503,1479,24,71,141,29,8,2,2,38,103,https://www.chess.com/game/live/166338955072
2026.03.23,20:13:09,black,rtehwi5673,NafsinFerdous,rtehwi5673,draw,Sicilian Defense Delayed Alapin Variation...4.Be2 Nc6 5.d3 g6,B50,Game drawn by insufficient material,10:00,Unknown,1503,1488,15,55,110,29,11,2,0,28,82,https://www.chess.com/game/live/166339699086
2026.03.24,06:27:50,white,NafsinFerdous,Blacktrombone,Blacktrombone,loss,French Defense Exchange Variation 3...exd5 4.Nf3 Bg4,C01,Blacktrombone won by resignation,5:00,Unknown,1321,1322,-1,37,74,20,2,2,0,23,51,https://www.chess.com/game/live/166354941548
2026.03.24,06:35:49,black,kevinmanager,NafsinFerdous,kevinmanager,loss,Sicilian Defense 2.Nf3 d6 3.d4 cxd4,B50,kevinmanager won by resignation,5:00,Unknown,1314,1353,-39,76,151,29,11,2,1,33,118,https://www.chess.com/game/live/166355132162
2026.03.24,06:46:08,black,iamanlohan,NafsinFerdous,iamanlohan,win,Nimzowitsch Larsen Attack Modern Variation 2.Bb2 Nc6 3.e3 Nf6 4.Bb5,A01,NafsinFerdous won by checkmate,5:00,Unknown,1322,1302,20,40,80,16,12,1,0,14,66,https://www.chess.com/game/live/166355380952
2026.03.24,18:09:21,black,T-Magnus-C,NafsinFerdous,T-Magnus-C,win,Queens Pawn Opening Krause Variation,D02,NafsinFerdous won by resignation,10:00,Unknown,1503,804,699,29,58,12,9,1,0,15,43,https://www.chess.com/game/live/166379327828
2026.03.24,18:17:38,white,NafsinFerdous,T-Magnus-C,T-Magnus-C,draw,Modern Defense with 1 e4 2.d4 Bg7 3.Nf3 c6,B06,Game drawn by stalemate,10:00,Unknown,1492,813,679,55,110,27,17,2,0,31,79,https://www.chess.com/game/live/166379662976
2026.03.24,18:29:00,black,T-Magnus-C,NafsinFerdous,T-Magnus-C,loss,Sicilian Defense,B20,T-Magnus-C won by resignation,10:00,Unknown,1471,831,640,58,115,23,14,1,1,31,84,https://www.chess.com/game/live/166380118556
2026.03.25,19:13:28,white,NafsinFerdous,adnan5120,adnan5120,win,Ruy Lopez Opening Morphy Defense Closed Averbakh Variation 7.c3 O O 8.d4 Bd7,C87,NafsinFerdous won by resignation,10:00,Unknown,1471,862,609,15,29,10,0,2,0,8,21,https://www.chess.com/game/live/166426376052
2026.03.25,19:19:05,black,adnan5120,NafsinFerdous,adnan5120,loss,Sicilian Defense Open Dragon Variation,B70,adnan5120 won by resignation,10:00,Unknown,1471,862,609,40,80,21,9,1,0,12,68,https://www.chess.com/game/live/166426589562
2026.03.25,19:31:54,white,NafsinFerdous,doubledoor,doubledoor,win,Alekhines Defense Brooklyn Variation 3.d4 d6,B02,NafsinFerdous won by resignation,5:00,Unknown,1330,1313,17,25,49,13,0,2,0,13,36,https://www.chess.com/game/live/166427075384
2026.03.26,00:08:25,black,CPU_LV5,NafsinFerdous,CPU_LV5,loss,English Opening Symmetrical Four Knights Variation 4.e3 g6,A35,CPU_LV5 won by resignation,10:00,Unknown,1461,1501,-40,27,53,12,0,2,0,18,35,https://www.chess.com/game/live/166435421410
2026.03.26,00:12:23,white,NafsinFerdous,BenjaminThom,BenjaminThom,win,Sicilian Defense Open Pelikan and Sveshnikov Retreat Variation 6...Bb4,B33,NafsinFerdous won by checkmate,10:00,Unknown,1471,1455,16,20,39,10,1,2,0,10,29,https://www.chess.com/game/live/166435508922
2026.03.26,00:19:37,black,08stevan08,NafsinFerdous,08stevan08,loss,Sicilian Defense Bowdler Attack 2...e6,B20,08stevan08 won by checkmate,10:00,Unknown,1461,1477,-16,71,141,27,6,2,0,36,105,https://www.chess.com/game/live/166435668158
2026.03.26,00:39:43,white,NafsinFerdous,mohan_souza,mohan_souza,win,Ruy Lopez Opening Old Steinitz Defense 4.d4,C62,NafsinFerdous won by resignation,10:00,Unknown,1471,1439,32,5,9,0,0,0,0,6,3,https://www.chess.com/game/live/166436102974
2026.03.26,00:40:30,white,NafsinFerdous,Vanroyy,Vanroyy,win,Owens Defense...4.Nf3 Bb4 5.Bd3 Nf6,B00,NafsinFerdous won by checkmate,10:00,Unknown,1481,1484,-3,26,51,13,5,2,0,13,38,https://www.chess.com/game/live/166436120306
2026.03.26,13:54:54,black,AlwaysDoubledPawns,NafsinFerdous,AlwaysDoubledPawns,loss,Queens Gambit Declined Austrian Variation 3.cxd5 Qxd5,D06,AlwaysDoubledPawns won by resignation,5:00,Unknown,1322,1344,-22,5,9,4,0,0,0,6,3,https://www.chess.com/game/live/166457754102
2026.03.26,13:55:46,white,NafsinFerdous,luke454545454545,luke454545454545,win,Scotch Game 3...exd4 4.Nxd4 Nxd4 5.Qxd4,C45,NafsinFerdous won on time,5:00,Unknown,1330,1306,24,25,49,15,3,2,0,10,39,https://www.chess.com/game/live/166457788892
2026.03.27,13:24:01,black,Lotte_schaak,NafsinFerdous,Lotte_schaak,loss,Indian Game Knights Variation...4.Bg2 cxd4 5.O O d5,A46,Lotte_schaak won by resignation,10:00,Unknown,1472,1500,-28,19,37,10,0,2,0,10,27,https://www.chess.com/game/live/166500769504
2026.03.27,18:00:24,black,Tumyza1234,NafsinFerdous,Tumyza1234,win,Sicilian Defense Bowdler Attack,B20,NafsinFerdous won by resignation,10:00,Unknown,1481,1469,12,33,66,18,5,0,0,20,46,https://www.chess.com/game/live/166512117602
2026.03.27,18:07:37,white,NafsinFerdous,jenaar,jenaar,win,Alekhines Defense Scandinavian Variation 3.exd5 Nxd5 4.Nxd5 Qxd5 5.Nf3,B02,NafsinFerdous won by checkmate,10:00,Unknown,1491,1492,-1,35,69,17,6,2,0,13,56,https://www.chess.com/game/live/166512406624
2026.03.27,18:17:46,white,NafsinFerdous,Rookpoleon_Pawnaparte,Rookpoleon_Pawnaparte,win,Scotch Game 3...exd4 4.Nxd4 Nxd4 5.Qxd4,C45,NafsinFerdous won by resignation,5:00,Unknown,1338,1303,35,20,39,9,1,1,0,10,29,https://www.chess.com/game/live/166512812312
2026.03.27,18:35:39,black,prosperosalgadosoto,NafsinFerdous,prosperosalgadosoto,loss,Indian Game Knights Variation...4.Bg2 cxd4 5.Nxd4 d5,A46,prosperosalgadosoto won by checkmate,2:00 + 1s,Unknown,1046,1067,-21,22,43,10,3,1,0,15,28,https://www.chess.com/game/live/166513516458
2026.03.27,18:40:01,black,3bd00oo,NafsinFerdous,3bd00oo,win,Sicilian Defense...3.Bc4 e6 4.O O Nf6 5.Re1,B50,NafsinFerdous won by checkmate,2:00 + 1s,Unknown,1070,1032,38,72,144,27,19,1,4,46,98,https://www.chess.com/game/live/166513686316
2026.03.30,02:55:49,white,NafsinFerdous,Coach-Hikaru,Coach-Hikaru,win,Scandinavian Defense Mieses Kotrc Variation 3.Nc3,B01,NafsinFerdous won by checkmate,-,Unknown,1491,1600,-109,82,163,28,7,1,2,33,130,https://www.chess.com/game/daily/76637245
2026.03.30,19:00:05,white,NafsinFerdous,hmattio,hmattio,loss,Modern Defense with 1 e4 2.d4,B06,hmattio won by checkmate,5:00,Unknown,1330,1327,3,27,54,13,6,1,0,15,39,https://www.chess.com/game/live/166644252274
2026.03.30,19:06:48,white,NafsinFerdous,K284284,K284284,loss,Caro Kann Defense Advance Botvinnik Carls Defense 4.c3,B12,K284284 won by resignation,5:00,Unknown,1322,1320,2,24,48,14,1,2,0,14,34,https://www.chess.com/game/live/166644517848
2026.03.30,19:12:03,black,RVIIR,NafsinFerdous,RVIIR,win,Sicilian Defense Old Sicilian Variation,B30,NafsinFerdous won by resignation,5:00,Unknown,1330,1327,3,30,60,17,10,2,0,14,46,https://www.chess.com/game/live/166644724892
2026.03.30,19:19:46,white,NafsinFerdous,QandA201,QandA201,win,Scotch Game 3...exd4 4.Nxd4 Nxd4 5.Qxd4,C45,NafsinFerdous won by checkmate,5:00,Unknown,1338,1330,8,18,35,12,5,1,0,8,27,https://www.chess.com/game/live/166645028406
2026.03.31,11:45:52,white,NafsinFerdous,andrey110011,andrey110011,loss,Nimzowitsch Defense Declined...4.Nc3 Qa5 5.d4 Bg4,B00,andrey110011 won on time,5:00,Unknown,1330,1367,-37,44,88,20,6,2,0,18,70,https://www.chess.com/game/live/166671683284
2026.04.03,06:46:54,black,sudeshpanchal,NafsinFerdous,sudeshpanchal,loss,Sicilian Defense McDonnell Attack 2...d6 3.Nf3 Nc6,B21,sudeshpanchal won on time,5:00,Unknown,1322,1317,5,65,129,26,10,2,0,31,98,https://www.chess.com/game/live/166795280348
2026.04.03,08:31:26,black,chandrasekherreddy,NafsinFerdous,chandrasekherreddy,loss,Van t Kruijs Opening 1...c5,A00,chandrasekherreddy won by resignation,5:00,Unknown,1314,1320,-6,39,77,18,3,2,0,16,61,https://www.chess.com/game/live/166798175102
2026.04.03,08:38:45,white,NafsinFerdous,Eggdne,Eggdne,win,Sicilian Defense Open Accelerated Dragon Exchange Variation 5...bxc6 6.Qd4,B34,NafsinFerdous won by resignation,5:00,Unknown,1322,1306,16,23,45,14,1,1,0,13,32,https://www.chess.com/game/live/166798390520
2026.04.03,08:45:02,white,NafsinFerdous,svidivok,svidivok,loss,Scandinavian Defense Mieses Kotrc Variation...4.d4 Nf6 5.Nf3 Bg4,B01,svidivok won by resignation,5:00,Unknown,1314,1341,-27,43,86,23,3,2,0,25,61,https://www.chess.com/game/live/166798575860
2026.04.03,19:50:03,black,sleeprunner,NafsinFerdous,sleeprunner,win,Nimzowitsch Larsen Attack Modern Variation 2.Bb2 Nc6,A01,NafsinFerdous won by resignation,5:00,Unknown,1323,1336,-13,19,38,7,0,0,0,11,27,https://www.chess.com/game/live/166823588502
2026.04.04,08:46:32,black,Damesocool,NafsinFerdous,Damesocool,win,Alapin Sicilian Defense 2...d6 3.d4,B22,NafsinFerdous won by checkmate,5:00,Unknown,1331,1302,29,28,56,16,5,2,0,17,39,https://www.chess.com/game/live/166843128964
2026.04.04,08:57:05,white,NafsinFerdous,qiakkaiq,qiakkaiq,win,Owens Defense...3.Nc3 e6 4.Nf3 Bb4,B00,NafsinFerdous won - game abandoned,5:00,Unknown,1339,1329,10,33,65,14,5,2,0,19,46,https://www.chess.com/game/live/166843440928
2026.04.04,19:58:50,black,Nestor0988,NafsinFerdous,Nestor0988,win,Queens Pawn Opening Zukertort Variation 2...e6 3.g3 c5 4.Bg2,D02,NafsinFerdous won on time,10:00,Unknown,1501,1490,11,45,90,18,11,1,0,20,70,https://www.chess.com/game/live/166867425144
2026.04.04,20:59:04,black,jeef007,NafsinFerdous,jeef007,win,Sicilian Defense 2.Nf3 d6 3.Bc4 e6,B50,NafsinFerdous won by resignation,5:00,Unknown,1347,1334,13,40,80,24,6,2,0,22,58,https://www.chess.com/game/live/166869412444
2026.04.09,02:09:57,white,NafsinFerdous,an69di,an69di,draw,Nimzowitsch Defense Declined 2...d5 3.exd5 Qxd5 4.Nc3,B00,Game drawn by timeout vs insufficient material,5:00,Unknown,1347,1359,-12,66,131,28,12,2,0,33,98,https://www.chess.com/game/live/167054178552
2026.04.09,10:48:18,white,NafsinFerdous,E255,E255,loss,Modern Defense Standard Two Knights Variation,B06,E255 won by resignation,5:00,Unknown,1339,1342,-3,60,120,28,9,2,1,25,95,https://www.chess.com/game/live/167067559828
2026.04.09,10:53:37,black,E255,NafsinFerdous,E255,loss,Kings Indian Attack Yugoslav Variation...5.d3 O O 6.Nbd2 c5,A07,E255 won by resignation,5:00,Unknown,1331,1350,-19,18,35,10,0,2,0,12,23,https://www.chess.com/game/live/167067740946
2026.04.09,10:55:02,white,NafsinFerdous,E255,E255,loss,Pirc Defense Classical Quiet System 5...O O 6.O O Nbd7,B08,E255 won by resignation,5:00,Unknown,1323,1358,-35,22,44,12,0,2,0,9,35,https://www.chess.com/game/live/167067788968
2026.04.09,10:58:34,black,GLENDALE_BURBANK,NafsinFerdous,GLENDALE_BURBANK,win,Sicilian Defense Staunton Cochrane Variation,B20,NafsinFerdous won by resignation,5:00,Unknown,1331,1304,27,38,75,21,2,2,0,22,53,https://www.chess.com/game/live/167067908514
2026.04.09,18:51:52,black,SumeetAnand,NafsinFerdous,SumeetAnand,draw,Sicilian Defense 2.Nf3 d6 3.Be2 Nf6,B50,Game drawn by insufficient material,5:00,Unknown,1331,1322,9,56,111,30,8,2,0,30,81,https://www.chess.com/game/live/167086922378
2026.04.09,19:03:15,white,NafsinFerdous,fglrd,fglrd,loss,Scotch Game...4.Nxd4 Nxd4 5.Qxd4 d6,C45,fglrd won by resignation,5:00,Unknown,1323,1351,-28,17,34,11,2,2,0,9,25,https://www.chess.com/game/live/167087369548
2026.04.09,19:06:27,white,NafsinFerdous,MattDelcroix,MattDelcroix,win,Scotch Game Classical Variation 5.Nxc6 bxc6,C45,NafsinFerdous won on time,5:00,Unknown,1331,1309,22,44,87,21,10,2,0,20,67,https://www.chess.com/game/live/167087493582
2026.04.12,09:45:31,black,Khazaria-313,NafsinFerdous,Khazaria-313,loss,Closed Sicilian Defense 2...d6,B23,Khazaria-313 won by resignation,5:00,Unknown,1323,1350,-27,45,89,26,12,2,0,23,66,https://www.chess.com/game/live/167200722872
2026.04.13,03:54:48,white,NafsinFerdous,jofspades5,jofspades5,loss,Petrovs Defense Classical Damiano Variation Kholmov Gambit 5.Qxe4 d6,C42,jofspades5 won by resignation,10:00,Unknown,1501,1506,-5,13,26,5,2,2,0,5,21,https://www.chess.com/game/live/167235867324
2026.04.13,20:15:52,black,Manideep1226,NafsinFerdous,Manideep1226,win,Sicilian Defense Open Classical Variation 6.Nxc6 bxc6,B56,NafsinFerdous won by resignation,5:00,Unknown,1331,1329,2,19,38,6,0,2,0,15,23,https://www.chess.com/game/live/167270375904
2026.04.13,20:19:57,black,Razec90,NafsinFerdous,Razec90,win,Sicilian Defense McDonnell Attack 2...Nc6 3.Nf3 d6 4.Bb5,B21,NafsinFerdous won on time,5:00,Unknown,1339,1333,6,25,50,13,1,2,0,14,36,https://www.chess.com/game/live/167270530732
2026.04.15,18:09:40,white,NafsinFerdous,vtashkov,vtashkov,loss,Sicilian Defense Open Dragon Rauzer Variation,B76,vtashkov won by checkmate,5:00,Unknown,1331,1354,-23,24,48,12,3,2,0,15,33,https://www.chess.com/game/live/167357995354
2026.04.15,18:16:14,white,NafsinFerdous,hakaoui,hakaoui,win,Ruy Lopez Opening Old Steinitz Defense 4.d4,C62,NafsinFerdous won by resignation,5:00,Unknown,1339,1340,-1,50,99,25,8,2,1,30,69,https://www.chess.com/game/live/167358271772
2026.04.17,09:47:16,black,AdorableScience,NafsinFerdous,AdorableScience,draw,Bishops Opening 2...Nc6,C23,Game drawn by repetition,5:00,Unknown,1339,1338,1,30,59,15,9,2,0,11,48,https://www.chess.com/game/live/167429488098
2026.04.17,09:52:52,white,NafsinFerdous,AdorableScience,AdorableScience,loss,Philidor Defense Exchange Variation 4.Nxd4,C41,AdorableScience won by checkmate,5:00,Unknown,1331,1346,-15,21,42,10,5,2,0,8,34,https://www.chess.com/game/live/167429669796
2026.04.17,09:56:26,white,NafsinFerdous,RDEislameed,RDEislameed,win,Kings Indian Defense Normal Variation 4.e4 d6 5.Nf3,E90,NafsinFerdous won - game abandoned,5:00,Unknown,1339,1332,7,15,29,6,0,2,0,12,17,https://www.chess.com/game/live/167429784218
2026.04.30,15:37:00,black,adnan5120,NafsinFerdous,adnan5120,loss,Kings Pawn Opening Leonardis Variation 2...Nf6 3.Nf3,C20,adnan5120 won by resignation,15:00 + 10s,Unknown,1501,836,665,43,86,23,11,0,0,16,70,https://www.chess.com/game/live/168044692524
2026.04.30,15:59:06,white,NafsinFerdous,adnan5120,adnan5120,win,Petrovs Defense Steinitz Attack 3...exd4,C43,NafsinFerdous won by checkmate,15:00 + 10s,Unknown,1501,836,665,73,145,26,22,2,3,35,110,https://www.chess.com/game/live/168045677718
2026.04.30,16:26:39,black,adnan5120,NafsinFerdous,adnan5120,win,Sicilian Defense 2.d3 d6,B20,NafsinFerdous won by checkmate,15:00 + 10s,Unknown,1501,836,665,60,120,26,19,2,1,26,94,https://www.chess.com/game/live/168046895122
2026.04.30,16:51:52,white,NafsinFerdous,adnan5120,adnan5120,win,Nimzowitsch Defense Kennedy Linksspringer Variation 3...Nce7,B00,NafsinFerdous won by checkmate,15:00 + 10s,Unknown,1501,836,665,47,93,28,11,2,1,29,64,https://www.chess.com/game/live/168048012910
2026.04.30,17:02:37,black,adnan5120,NafsinFerdous,adnan5120,loss,Nimzowitsch Defense 2.d4 e6 3.Nf3 d5 4.e5,B00,adnan5120 won by resignation,15:00 + 10s,Unknown,1501,836,665,29,57,15,3,2,0,27,30,https://www.chess.com/game/live/168048503626
2026.04.30,17:55:06,white,NafsinFerdous,Afif_22,Afif_22,draw,French Defense Knight Variation,C00,Game drawn by agreement,10:00,Unknown,1501,633,868,40,79,24,9,1,0,22,57,https://www.chess.com/game/live/168050785428
2026.05.01,17:53:33,black,Zalina_za,NafsinFerdous,Zalina_za,loss,Queens Pawn Opening Chigorin Irish Gambit,D00,Zalina_za won by resignation,5:00,Unknown,1331,1341,-10,16,31,11,2,1,0,9,22,https://www.chess.com/game/live/168097592570
2026.05.02,15:30:39,white,NafsinFerdous,Artemios1981,Artemios1981,win,Philidor Defense 3.d4,C41,NafsinFerdous won by checkmate,5:00,Unknown,1339,1327,12,12,23,6,4,0,0,7,16,https://www.chess.com/game/live/168137146230
2026.05.02,19:53:06,black,Laksha08,NafsinFerdous,Laksha08,win,Alapin Sicilian Defense...3.d4 cxd4 4.cxd4 Nf6 5.Nc3,B22,NafsinFerdous won by resignation,10:00,Unknown,1512,1469,43,68,136,28,11,2,1,37,99,https://www.chess.com/game/live/168147529386
2026.05.04,19:42:16,white,NafsinFerdous,holylockin73,holylockin73,loss,Scandinavian Defense Mieses Kotrc Main Line 4.d4 c6 5.Nf3 Bf5,B01,holylockin73 won by resignation,10:00,Unknown,1500,1506,-6,22,44,11,1,2,0,11,33,https://www.chess.com/game/live/168238494530
2026.05.04,19:47:28,black,Gaucho_Argento,NafsinFerdous,Gaucho_Argento,win,Alapin Sicilian Defense...4.f4 d6 5.Nf3 g6,B22,NafsinFerdous won by resignation,10:00,Unknown,1511,1475,36,42,84,18,9,2,0,16,68,https://www.chess.com/game/live/168238702778
2026.05.05,15:40:08,white,NafsinFerdous,adnan5120,adnan5120,win,Petrovs Defense Classical French Attack 5...Nf6 6.d4,C42,NafsinFerdous won by checkmate,15:00 + 10s,Unknown,1511,827,684,29,57,14,6,2,0,13,44,https://www.chess.com/game/live/168275016352
2026.05.05,15:50:04,black,adnan5120,NafsinFerdous,adnan5120,win,Pirc Defense Maroczy Defense,B07,NafsinFerdous won by resignation,15:00 + 10s,Unknown,1511,827,684,30,60,19,2,2,0,21,39,https://www.chess.com/game/live/168275468776
2026.05.05,16:01:42,white,NafsinFerdous,adnan5120,adnan5120,win,Englund Gambit 2.dxe5 Nc6,A40,NafsinFerdous won by checkmate,15:00 + 10s,Unknown,1511,827,684,26,51,15,5,2,0,11,40,https://www.chess.com/game/live/168275994810
2026.05.05,16:09:59,black,adnan5120,NafsinFerdous,adnan5120,win,Scandinavian Defense 2.e5 c5,B01,NafsinFerdous won by checkmate,15:00 + 10s,Unknown,1511,827,684,82,164,29,31,1,0,26,138,https://www.chess.com/game/live/168276364556
2026.05.06,19:45:02,white,NafsinFerdous,Sonu_Yadav,Sonu_Yadav,win,Center Game Accepted Normal Variation,C22,NafsinFerdous won by resignation,5:00,Unknown,1348,1386,-38,12,23,4,2,0,0,7,16,https://www.chess.com/game/live/168332577592
2026.05.07,07:50:52,white,NafsinFerdous,FIROZKABIR1,FIROZKABIR1,loss,Scotch Game 3...exd4 4.Nxd4 Nxd4 5.Qxd4,C45,FIROZKABIR1 won by resignation,5:00,Unknown,1340,1377,-37,11,22,9,1,0,0,5,17,https://www.chess.com/game/live/168351594676
2026.05.07,07:52:26,white,NafsinFerdous,maxwn1,maxwn1,loss,Scandinavian Defense Mieses Kotrc Main Line...6.Ne5 c6 7.Bc4 e6,B01,maxwn1 won by checkmate,5:00,Unknown,1332,1328,4,37,74,18,4,2,0,22,52,https://www.chess.com/game/live/168351638886
2026.05.07,20:22:51,black,zoominzoomout1234,NafsinFerdous,zoominzoomout1234,loss,Sicilian Defense Bowdler Attack 2...e6,B20,zoominzoomout1234 won on time,5:00,Unknown,1324,1358,-34,63,125,26,9,2,0,28,97,https://www.chess.com/game/live/168381022702
2026.05.07,20:33:29,black,piotr-kozak,NafsinFerdous,piotr-kozak,win,Sicilian Defense Delayed Alapin Variation,B50,NafsinFerdous won by checkmate,5:00,Unknown,1332,1310,22,39,78,19,5,2,0,16,62,https://www.chess.com/game/live/168381416756
2026.05.07,21:07:30,white,NafsinFerdous,sebastianpava,sebastianpava,loss,Sicilian Defense Open Accelerated Dragon Modern Variation 5...Bg7 6.Be3,B34,sebastianpava won by resignation,5:00,Unknown,1324,1321,3,12,24,5,0,1,0,11,13,https://www.chess.com/game/live/168382618760
2026.05.08,17:45:38,black,adnan5120,NafsinFerdous,adnan5120,loss,Sicilian Defense Open Dragon Levenfish Variation 6...Bg7 7.e5,B71,adnan5120 won by resignation,15:00 + 10s,Unknown,1511,851,660,18,35,8,4,0,0,11,24,https://www.chess.com/game/live/168421998590
2026.05.08,17:57:36,white,NafsinFerdous,adnan5120,adnan5120,win,Petrovs Defense Classical Damiano Variation Kholmov Gambit 5.Qxe4,C42,NafsinFerdous won by resignation,15:00 + 10s,Unknown,1511,851,660,25,49,18,2,2,0,7,42,https://www.chess.com/game/live/168422516852
2026.05.08,18:12:48,black,adnan5120,NafsinFerdous,adnan5120,draw,Nimzowitsch Defense 2.d4 e6 3.Nf3 d5 4.e5,B00,Game drawn by stalemate,15:00 + 10s,Unknown,1511,851,660,52,104,23,9,1,0,31,73,https://www.chess.com/game/live/168423163456
2026.05.08,18:38:31,white,NafsinFerdous,adnan5120,adnan5120,win,Nimzowitsch Defense Scandinavian Exchange Variation 4.Nf3 e5 5.Nc3,B00,NafsinFerdous won by resignation,15:00 + 10s,Unknown,1511,851,660,14,27,7,1,1,0,10,17,https://www.chess.com/game/live/168424239522
2026.05.11,21:26:31,black,DOB8079,NafsinFerdous,DOB8079,loss,Nimzowitsch Larsen Attack Modern Variation...3.e3 d5 4.Bb5 Bd6 5.Nf3,A01,DOB8079 won by checkmate,5:00,Unknown,1316,1324,-8,36,71,16,9,0,0,16,55,https://www.chess.com/game/live/168569400544
2026.05.15,06:32:57,white,NafsinFerdous,madhusudanparwal,madhusudanparwal,win,Ruy Lopez Opening Morphy Defense Modern Steinitz Defense 5.c3 Bd7 6.O O,C75,NafsinFerdous won by resignation,5:00,Unknown,1324,1292,32,32,63,18,4,2,0,23,40,https://www.chess.com/game/live/168728499760
2026.05.20,14:19:11,black,adamadame2288,NafsinFerdous,adamadame2288,loss,Sicilian Defense Open Variation 4...Nf6,B54,adamadame2288 won by checkmate,5:00,Unknown,1316,1348,-32,24,47,12,3,2,0,9,38,https://www.chess.com/game/live/168981997760
2026.05.20,14:23:58,black,Lopushok123,NafsinFerdous,Lopushok123,loss,Closed Sicilian Defense Fianchetto Variation...5.d3 d6 6.Be3 Nf6,B26,Lopushok123 won by checkmate,5:00,Unknown,1308,1340,-32,26,51,12,5,2,0,14,37,https://www.chess.com/game/live/168982209162
2026.05.20,14:29:44,black,jebudas,NafsinFerdous,jebudas,win,Sicilian Defense Canal Main Line 4.Bxd7 Qxd7 5.O O Nf6,B52,NafsinFerdous won by checkmate,5:00,Unknown,1316,1298,18,13,26,6,3,2,0,9,17,https://www.chess.com/game/live/168982464652
2026.05.20,14:33:13,white,NafsinFerdous,chiefump2003,chiefump2003,loss,French Defense Knight Variation 2...d5 3.exd5 exd5,C00,chiefump2003 won by checkmate,5:00,Unknown,1308,1315,-7,20,40,6,3,1,0,14,26,https://www.chess.com/game/live/168982617572
2026.05.21,06:07:45,white,NafsinFerdous,Coach-Hikaru,Coach-Hikaru,win,Scandinavian Defense Mieses Kotrc Variation 3.Nc3,B01,NafsinFerdous won by checkmate,-,Unknown,400,1600,-1200,42,83,20,9,1,0,25,58,https://www.chess.com/game/daily/127380077
2026.05.22,13:24:41,black,nocheckspls,NafsinFerdous,nocheckspls,loss,Magnus Sicilian 3...cxd4 4.Qxd4 Nc6,B23,nocheckspls won by resignation,5:00,Unknown,1300,1334,-34,14,27,6,0,1,0,6,21,https://www.chess.com/game/live/169075480770
2026.05.22,13:26:59,black,olidec,NafsinFerdous,olidec,win,Sicilian Defense Delayed Alapin Variation 3...Nf6,B50,NafsinFerdous won by resignation,5:00,Unknown,1308,1291,17,15,30,6,2,2,0,9,21,https://www.chess.com/game/live/169075579852
2026.05.22,13:30:08,white,NafsinFerdous,Chiranji5555,Chiranji5555,win,Sicilian Defense French Variation 3.d4,B40,NafsinFerdous won by resignation,5:00,Unknown,1316,1313,3,35,69,14,2,2,0,18,51,https://www.chess.com/game/live/169075714742
2026.05.23,10:38:46,white,NafsinFerdous,raffzilla,raffzilla,loss,Reti Opening Kingside Fianchetto Variation 2.e4 d6 3.d4,A04,raffzilla won by resignation,5:00,Unknown,1308,1337,-29,43,86,24,6,1,0,28,58,https://www.chess.com/game/live/169116085360
2026.05.23,10:45:09,black,Magnavolt,NafsinFerdous,Magnavolt,loss,Queens Gambit Declined Austrian Variation 3.cxd5 Qxd5 4.Nf3,D06,Magnavolt won by resignation,5:00,Unknown,1300,1309,-9,11,21,4,0,2,0,8,13,https://www.chess.com/game/live/169116301568
2026.05.23,10:49:35,black,Arrandi,NafsinFerdous,Arrandi,loss,Sicilian Defense Open Dragon Classical Attack 7...Nc6,B72,Arrandi won by resignation,5:00,Unknown,1300,1497,-197,30,59,13,5,2,0,17,42,https://www.chess.com/game/live/169116452884
2026.05.23,11:49:59,white,NafsinFerdous,samelcamel1324,samelcamel1324,win,Kings Pawn Opening Kings Knight Variation,C40,NafsinFerdous won by checkmate,5:00,Unknown,1300,240,1060,17,33,11,3,0,0,15,18,https://www.chess.com/game/live/169118601526
2026.05.24,08:14:32,white,NafsinFerdous,nyrix07,nyrix07,loss,Ruy Lopez Opening Berlin Defense 4.O O,C65,nyrix07 won by resignation,5:00,Unknown,1300,1028,272,18,36,10,1,2,0,9,27,https://www.chess.com/game/live/169157670994
2026.05.24,08:21:08,black,Pegfilgrastim,NafsinFerdous,Pegfilgrastim,loss,Queens Gambit Declined Austrian Variation 3.cxd5 Qxd5 4.Nf3 cxd4,D06,Pegfilgrastim won by resignation,5:00,Unknown,1300,1516,-216,20,39,10,2,2,0,13,26,https://www.chess.com/game/live/169157873934
2026.05.24,08:53:42,white,NafsinFerdous,rajeshtnkottayam,rajeshtnkottayam,loss,Ruy Lopez Opening Old Steinitz Defense 4.d4 Bd7 5.O O,C62,rajeshtnkottayam won by resignation,5:00,Unknown,1292,1324,-32,54,108,23,4,2,0,23,85,https://www.chess.com/game/live/169158892040
2026.05.24,09:00:40,black,AmirZeinali98,NafsinFerdous,AmirZeinali98,win,Queens Gambit Declined Queens Knight Variation 3...dxc4 4.e4,D31,NafsinFerdous won by resignation,5:00,Unknown,1300,1283,17,26,52,14,4,1,0,11,41,https://www.chess.com/game/live/169159114772
2026.05.29,06:37:52,white,NafsinFerdous,Coach-Hikaru,Coach-Hikaru,loss,Scotch Game 3...exd4 4.Nxd4 Qf6 5.Nxc6,C45,Coach-Hikaru won by checkmate,-,Unknown,400,2400,-2000,21,42,12,5,2,0,10,32,https://www.chess.com/game/daily/135904874
2026.05.29,07:02:01,black,foolishtactics,NafsinFerdous,foolishtactics,loss,Tarrasch Defense 4.Nf3 cxd4 5.Nxd4,D32,foolishtactics won by resignation,5:00,Unknown,1292,1329,-37,9,17,4,2,0,0,6,11,https://www.chess.com/game/live/169397349710
2026.05.29,07:05:22,white,NafsinFerdous,piotr-kozak,piotr-kozak,loss,Scandinavian Defense,B01,piotr-kozak won by resignation,5:00,Unknown,1284,1292,-8,1,2,0,0,0,0,2,0,https://www.chess.com/game/live/169397445236
2026.05.30,09:01:17,black,Viktor8975,NafsinFerdous,Viktor8975,loss,Scandinavian Defense Mieses Kotrc Variation 3.Nc3,B01,Viktor8975 won by resignation,5:00,Unknown,1284,1710,-426,5,9,4,0,0,0,3,6,https://www.chess.com/game/live/169449322134
2026.05.30,21:41:48,white,NafsinFerdous,me_good_guy,me_good_guy,draw,Nimzowitsch Defense Kennedy Variation 3.dxe5 Nxe5,B00,Game drawn by agreement,5:00,Unknown,1284,111,1173,16,31,13,4,1,0,7,24,https://www.chess.com/game/live/169477775170
2026.05.30,21:45:07,white,NafsinFerdous,Rafiq_Ishaq,Rafiq_Ishaq,win,Sicilian Defense Open Dragon Rauzer Variation 9...Nxd4 10.Bxd4,B76,NafsinFerdous won on time,5:00,Unknown,1284,931,353,57,113,24,13,2,0,33,80,https://www.chess.com/game/live/169477878328
2026.05.31,06:06:00,white,NafsinFerdous,ForThePuzzleRush,ForThePuzzleRush,win,Scandinavian Defense Mieses Kotrc Main Line 4.d4 Nf6 5.Bd2,B01,NafsinFerdous won by checkmate,5:00,Unknown,1284,1324,-40,27,53,11,6,2,0,10,43,https://www.chess.com/game/live/169489835030
2026.05.31,06:13:20,white,NafsinFerdous,AlekeraChess,AlekeraChess,win,Nimzowitsch Defense Scandinavian Exchange Variation 4.Nf3 e5 5.Nc3,B00,NafsinFerdous won by resignation,5:00,Unknown,1284,1206,78,18,35,10,1,2,0,9,26,https://www.chess.com/game/live/169490029084
2026.05.31,06:18:01,white,NafsinFerdous,wsamilton,wsamilton,loss,Pirc Defense Classical Variation 4...Bg7,B08,wsamilton won by resignation,5:00,Unknown,1284,688,596,14,28,8,3,0,0,8,20,https://www.chess.com/game/live/169490154872
2026.05.31,09:44:59,white,NafsinFerdous,Nxc10,Nxc10,loss,Pirc Defense Classical Quiet Parma Defense 7.h3 Bxf3 8.Bxf3,B08,Nxc10 won by resignation,5:00,Unknown,1284,1088,196,28,56,13,3,2,0,15,41,https://www.chess.com/game/live/169496387706
2026.05.31,09:50:08,white,NafsinFerdous,Fortr355,Fortr355,loss,Caro Kann Defense Exchange Variation 3...cxd5 4.Nf3 Nf6,B13,Fortr355 won by resignation,5:00,Unknown,1284,1205,79,21,42,10,0,2,0,10,32,https://www.chess.com/game/live/169496560498
2026.05.31,09:51:58,black,Sinnlighet,NafsinFerdous,Sinnlighet,loss,Sicilian Defense Open Dragon Classical Attack 7...Nc6 8.O O O O 9.Nb3,B74,Sinnlighet won by resignation,10:00,Unknown,1511,1544,-33,11,21,5,0,2,0,6,15,https://www.chess.com/game/live/169496622892
2026.05.31,10:18:34,white,NafsinFerdous,Dawn289,Dawn289,win,Scotch Game Classical Intermezzo Variation,C45,NafsinFerdous won - game abandoned,10:00,Unknown,1524,1506,18,23,45,12,3,2,0,9,36,https://www.chess.com/game/live/169497543224
2026.05.31,10:29:39,black,Nik26k,NafsinFerdous,Nik26k,loss,French Defense Normal Variation 2...d5 3.Nc3,C10,Nik26k won by resignation,10:00,Unknown,1524,1672,-148,23,45,13,3,1,0,12,33,https://www.chess.com/game/live/169497927534
2026.05.31,16:55:52,white,NafsinFerdous,Ivan101110001,Ivan101110001,loss,Philidor Defense,C41,Ivan101110001 won by resignation,10:00,Unknown,1524,1416,108,24,48,14,5,2,0,7,41,https://www.chess.com/game/live/169513645202
2026.05.31,17:07:41,white,NafsinFerdous,julian018391394,julian018391394,win,Pirc Defense Classical Variation 4...Bg7 5.Be3 O O 6.Qd2,B08,NafsinFerdous won by resignation,10:00,Unknown,1524,1537,-13,44,87,21,9,1,0,28,59,https://www.chess.com/game/live/169514160740
2026.05.31,17:18:55,white,NafsinFerdous,ruchisinghania25,ruchisinghania25,loss,Ruy Lopez Opening Classical Central Variation 4...Nf6 5.d4 exd4,C64,ruchisinghania25 won - game abandoned,10:00,Unknown,1524,795,729,10,20,5,2,1,0,7,13,https://www.chess.com/game/live/169514641906
2026.06.01,04:49:41,white,NafsinFerdous,Rum_Enthusiast,Rum_Enthusiast,loss,Philidor Defense Hanham Lions Claw Variation,C41,Rum_Enthusiast won by resignation,10:00,Unknown,1524,1521,3,30,59,18,0,2,0,16,43,https://www.chess.com/game/live/169535268086
2026.06.01,18:43:51,white,NafsinFerdous,BRAVEHEARTH007,BRAVEHEARTH007,loss,Alekhines Defense Normal Variation 3.d4,B03,BRAVEHEARTH007 won on time,5:00,Unknown,1276,1294,-18,30,60,16,1,2,0,18,42,https://www.chess.com/game/live/169566303936
2026.06.03,18:56:44,white,NafsinFerdous,psycho_x_adnan,psycho_x_adnan,loss,Scotch Game 3...exd4 4.Nxd4 Nxd4 5.Qxd4,C45,psycho_x_adnan won by checkmate,10:00,Unknown,1524,1103,421,23,46,14,8,0,0,10,36,https://www.chess.com/game/live/169665831488
2026.06.03,19:06:05,black,psycho_x_adnan,NafsinFerdous,psycho_x_adnan,win,Reti Opening 1...d5,A06,NafsinFerdous won by resignation,10:00,Unknown,1524,1103,421,21,42,12,6,2,0,7,35,https://www.chess.com/game/live/169666226332
2026.06.03,19:14:05,white,NafsinFerdous,psycho_x_adnan,psycho_x_adnan,win,Ruy Lopez Opening Spanish Countergambit,C60,NafsinFerdous won by resignation,10:00,Unknown,1524,1103,421,24,47,14,3,2,0,12,35,https://www.chess.com/game/live/169666563676
2026.06.03,19:23:51,black,psycho_x_adnan,NafsinFerdous,psycho_x_adnan,win,Queens Pawn Opening Torre Attack,D03,NafsinFerdous won - game abandoned,10:00,Unknown,1524,1103,421,4,8,0,0,0,0,2,6,https://www.chess.com/game/live/169666970774
2026.06.03,19:37:32,white,NafsinFerdous,psycho_x_adnan,psycho_x_adnan,win,Ruy Lopez Opening Spanish Countergambit,C60,NafsinFerdous won by resignation,10:00,Unknown,1524,1103,421,12,23,7,2,1,0,9,14,https://www.chess.com/game/live/169667535294
2026.06.03,19:44:24,black,psycho_x_adnan,NafsinFerdous,psycho_x_adnan,loss,Alapin Sicilian Defense 2...Nc6 3.Nf3 d6 4.d4,B22,psycho_x_adnan won by checkmate,10:00,Unknown,1524,1103,421,30,59,16,5,2,0,15,44,https://www.chess.com/game/live/169667818974
2026.06.03,19:57:56,white,NafsinFerdous,psycho_x_adnan,psycho_x_adnan,win,Ruy Lopez Opening,C60,NafsinFerdous won by resignation,10:00,Unknown,1524,1103,421,22,44,11,8,0,0,9,35,https://www.chess.com/game/live/169668368010
2026.06.03,20:12:50,black,psycho_x_adnan,NafsinFerdous,psycho_x_adnan,win,Queens Pawn Opening Chigorin Irish Gambit,D00,NafsinFerdous won - game abandoned,10:00,Unknown,1524,1103,421,9,18,4,2,0,0,6,12,https://www.chess.com/game/live/169668958286
2026.06.04,13:57:40,black,psycho_x_adnan,NafsinFerdous,psycho_x_adnan,loss,Reti Opening 1...d5,A06,psycho_x_adnan won by resignation,10:00,Unknown,1524,1119,405,23,45,18,5,0,0,10,35,https://www.chess.com/game/live/169701380410
2026.06.04,14:07:26,white,NafsinFerdous,psycho_x_adnan,psycho_x_adnan,win,Sicilian Defense French Variation 3.d4,B40,NafsinFerdous won by resignation,10:00,Unknown,1524,1119,405,17,33,10,2,1,0,8,25,https://www.chess.com/game/live/169701808654
2026.06.04,14:16:20,black,psycho_x_adnan,NafsinFerdous,psycho_x_adnan,win,Sicilian Defense Smith Morra Gambit 2...cxd4 3.Qxd4 Nc6,B21,NafsinFerdous won by checkmate,10:00,Unknown,1524,1119,405,36,72,18,7,2,0,16,56,https://www.chess.com/game/live/169702204216
2026.06.08,21:17:31,black,s777s4u,NafsinFerdous,s777s4u,loss,Sicilian Defense 2.Nf3 d6 3.Nc3 Nf6,B50,s777s4u won on time,5:00,Unknown,1276,1171,105,38,75,16,4,2,0,10,65,https://www.chess.com/game/live/169912935378
2026.06.12,09:33:31,black,Tahosin9000,NafsinFerdous,Tahosin9000,win,Closed Sicilian Defense 2...d6,B23,NafsinFerdous won on time,1/259200,Unknown,900,800,100,3,6,0,0,0,0,3,3,https://www.chess.com/game/daily/984923606
2026.06.12,20:53:36,black,Tahosin9000,NafsinFerdous,Tahosin9000,win,Sicilian Defense,B20,NafsinFerdous won by checkmate,10:00,Unknown,1524,336,1188,17,34,12,3,2,0,9,25,https://www.chess.com/game/live/170107737648
2026.06.12,20:57:12,white,NafsinFerdous,Tahosin9000,Tahosin9000,win,Scandinavian Defense Mieses Kotrc Variation 3.Nc3,B01,NafsinFerdous won by checkmate,10:00,Unknown,1524,336,1188,18,35,11,8,0,0,9,26,https://www.chess.com/game/live/170107853900
2026.06.12,20:59:19,black,Tahosin9000,NafsinFerdous,Tahosin9000,win,Scandinavian Defense Closed 2...d4,B01,NafsinFerdous won by checkmate,10:00,Unknown,1524,336,1188,23,46,16,8,1,0,16,30,https://www.chess.com/game/live/170107924238
2026.06.12,21:02:11,white,NafsinFerdous,Tahosin9000,Tahosin9000,loss,Sicilian Defense Open Lowenthal Variation 5.Nf3,B32,Tahosin9000 won by checkmate,10:00,Unknown,1524,336,1188,33,66,15,15,1,0,11,55,https://www.chess.com/game/live/170108025146
2026.06.12,21:12:50,black,Tahosin9000,NafsinFerdous,Tahosin9000,win,Sicilian Defense 2.Nf3 d6,B50,NafsinFerdous won by checkmate,10:00,Unknown,1524,336,1188,19,38,9,5,1,0,11,27,https://www.chess.com/game/live/170108394642
2026.06.13,12:14:04,black,ibrahim5078,NafsinFerdous,ibrahim5078,win,Mieses Opening 1...d5,A00,NafsinFerdous won - game abandoned,5:00,Unknown,1284,1284,0,14,28,2,0,2,0,13,15,https://www.chess.com/game/live/170133674650
2026.06.13,12:17:00,white,NafsinFerdous,kingofvirus,kingofvirus,loss,Scandinavian Defense Mieses Kotrc Variation 3.Nc3,B01,kingofvirus won on time,5:00,Unknown,1277,1314,-37,50,100,23,14,2,0,21,79,https://www.chess.com/game/live/170133787892
2026.06.13,12:25:48,black,brunokapiva,NafsinFerdous,brunokapiva,win,Sicilian Defense Delayed Alapin Variation...4.Be2 g6 5.O O Bg7,B50,NafsinFerdous won on time,5:00,Unknown,1285,1271,14,30,60,14,1,2,0,16,44,https://www.chess.com/game/live/170134131292
2026.06.13,18:58:58,white,NafsinFerdous,Mawkle1,Mawkle1,loss,Modern Defense with 1 d4...3.Nf3 d6 4.e4 Nf6,A40,Mawkle1 won by checkmate,5:00,Unknown,1277,1309,-32,33,66,17,9,1,0,18,48,https://www.chess.com/game/live/170150591772
2026.06.13,19:07:42,white,NafsinFerdous,popclins,popclins,win,Ruy Lopez Opening Morphy Defense Modern Steinitz Defense 5.c3 Bd7 6.d4,C75,NafsinFerdous won by resignation,5:00,Unknown,1285,1289,-4,42,83,22,2,1,0,33,50,https://www.chess.com/game/live/170150919610
2026.06.17,19:09:53,black,icajiogiddy,NafsinFerdous,icajiogiddy,loss,Sicilian Defense Open Lowenthal Variation 5.Nf3 Nf6,B32,icajiogiddy won by resignation,5:00,Unknown,1277,1296,-19,23,45,11,0,2,0,17,28,https://www.chess.com/game/live/170338270150
2026.06.17,19:15:08,white,NafsinFerdous,ditunia,ditunia,draw,Ruy Lopez Opening Morphy Defense Modern Steinitz Defense 5.c3 Bd7 6.d4,C75,Game drawn by repetition,5:00,Unknown,1277,1266,11,36,71,17,10,2,0,16,55,https://www.chess.com/game/live/170338484724
2026.06.17,19:22:47,black,zarzi,NafsinFerdous,zarzi,win,Sicilian Defense 2.d3 d6,B20,NafsinFerdous won by resignation,5:00,Unknown,1285,1256,29,48,96,21,8,2,1,33,63,https://www.chess.com/game/live/170338799042
2026.06.19,11:26:51,white,NafsinFerdous,Orik44532,Orik44532,win,Caro Kann Defense Exchange Variation 3...cxd5 4.Nf3 Nc6,B13,NafsinFerdous won by checkmate,5:00,Unknown,1285,301,984,43,85,24,7,2,1,24,61,https://www.chess.com/game/live/170413357788
2026.06.20,07:01:39,white,NafsinFerdous,VakirevicSale,VakirevicSale,loss,Scandinavian Defense Mieses Kotrc Variation 3.Nc3 Qd8 4.d4 Nf6,B01,VakirevicSale won by resignation,5:00,Unknown,1278,1315,-37,26,52,17,10,1,0,11,41,https://www.chess.com/game/live/170451529950
2026.06.20,15:02:45,black,Asick001,NafsinFerdous,Asick001,loss,Sicilian Defense 2.Nf3 d6 3.Bc4 e6,B50,Asick001 won on time,5:00,Unknown,1271,1320,-49,43,85,23,9,2,0,22,63,https://www.chess.com/game/live/170468605512
2026.06.20,15:12:53,black,131252fra,NafsinFerdous,131252fra,win,Kings Indian Attack Yugoslav Variation 3.Bg2 Nc6,A07,NafsinFerdous won by resignation,5:00,Unknown,1279,1268,11,30,60,19,2,2,0,15,45,https://www.chess.com/game/live/170469032872
2026.06.21,07:48:59,white,NafsinFerdous,Id_rather_be_sailing,Id_rather_be_sailing,loss,Philidor Defense Exchange Variation 4.Nxd4,C41,Id_rather_be_sailing won by resignation,5:00,Unknown,1271,1283,-12,25,50,14,4,2,0,12,38,https://www.chess.com/game/live/170498421394
2026.06.26,11:02:37,black,Tahosin9000,NafsinFerdous,Tahosin9000,win,French Defense Normal Variation 2...d5,C00,NafsinFerdous won by resignation,10:00,Unknown,1524,295,1229,26,51,17,6,2,0,13,38,https://www.chess.com/game/live/170739290960
2026.06.26,11:07:07,black,Tahosin9000,NafsinFerdous,Tahosin9000,win,Grob Opening 1...d5 2.e4 dxe4,A00,NafsinFerdous won by checkmate,10:00,Unknown,1524,295,1229,15,30,12,5,1,0,8,22,https://www.chess.com/game/live/170739458518
2026.06.26,11:09:09,black,Tahosin9000,NafsinFerdous,Tahosin9000,win,Van t Kruijs Opening 1...e5 2.Bc4,A00,NafsinFerdous won by checkmate,10:00,Unknown,1524,295,1229,21,42,12,5,2,0,14,28,https://www.chess.com/game/live/170739534990
2026.06.26,11:13:05,black,Tahosin9000,NafsinFerdous,Tahosin9000,win,Sicilian Defense Smith Morra Gambit 2...cxd4 3.Qxd4 Nc6,B21,NafsinFerdous won by checkmate,10:00,Unknown,1524,295,1229,16,32,10,2,0,0,8,24,https://www.chess.com/game/live/170739682360
2026.06.26,11:16:48,black,Tahosin9000,NafsinFerdous,Tahosin9000,win,Queens Pawn Opening Accelerated London Steinitz Countergambit 3.e3 cxd4 4.exd4,D00,NafsinFerdous won by checkmate,10:00,Unknown,1524,295,1229,26,52,15,8,2,1,16,36,https://www.chess.com/game/live/170739821892
2026.06.26,11:33:58,white,NafsinFerdous,psycho_x_adnan,psycho_x_adnan,loss,Scotch Game 3...d6,C45,psycho_x_adnan won on time,1:00,Unknown,1070,453,617,32,64,23,4,2,0,15,49,https://www.chess.com/game/live/170740474552
2026.06.26,11:36:20,black,psycho_x_adnan,NafsinFerdous,psycho_x_adnan,win,Queens Pawn Opening 1...d5 2.e3 c5,D00,NafsinFerdous won by checkmate,1:00,Unknown,1070,453,617,15,30,10,4,1,0,10,20,https://www.chess.com/game/live/170740565806
2026.06.26,11:37:48,white,NafsinFerdous,psycho_x_adnan,psycho_x_adnan,loss,Philidor Defense 3.d4,C41,psycho_x_adnan won on time,1:00,Unknown,1070,453,617,19,38,13,2,1,0,10,28,https://www.chess.com/game/live/170740622096
2026.06.26,11:39:52,black,psycho_x_adnan,NafsinFerdous,psycho_x_adnan,win,Queens Pawn Opening 1...d5 2.e3,D00,NafsinFerdous won on time,1:00,Unknown,1070,453,617,13,26,6,2,0,0,11,15,https://www.chess.com/game/live/170740702762
2026.06.26,11:41:40,white,NafsinFerdous,psycho_x_adnan,psycho_x_adnan,loss,Kings Gambit,C30,psycho_x_adnan won on time,1:00,Unknown,1070,453,617,24,48,18,3,2,0,14,34,https://www.chess.com/game/live/170740773068
2026.06.26,21:09:17,white,NafsinFerdous,TeeTrismegistus,TeeTrismegistus,loss,Sicilian Defense Open Accelerated Dragon Modern Variation 5...Bg7 6.Be3,B34,TeeTrismegistus won by resignation,10:00,Unknown,1509,1535,-26,35,70,19,5,2,0,21,49,https://www.chess.com/game/live/170763659670
2026.06.26,21:21:41,black,TeeTrismegistus,NafsinFerdous,TeeTrismegistus,win,Queens Pawn Opening Chigorin Irish Gambit,D00,NafsinFerdous won by resignation,10:00,Unknown,1525,1526,-1,38,76,19,8,2,0,17,59,https://www.chess.com/game/live/170764063172
2026.06.27,06:02:18,white,NafsinFerdous,kunaldhingra09,kunaldhingra09,loss,Scandinavian Defense Mieses Kotrc Variation 3.Nc3 Qd8 4.d4 Nf6 5.Nf3,B01,kunaldhingra09 won by resignation,10:00,Unknown,1510,1511,-1,29,58,19,0,2,0,17,41,https://www.chess.com/game/live/170776589802
2026.06.27,21:27:51,black,HERMEZ2020,NafsinFerdous,HERMEZ2020,win,Sicilian Defense McDonnell Attack 2...d6 3.Nf3 Nc6,B21,NafsinFerdous won - game abandoned,10:00,Unknown,1524,1507,17,26,52,12,0,2,0,24,28,https://www.chess.com/game/live/170810012182
2026.06.27,21:42:20,black,Jacafren60,NafsinFerdous,Jacafren60,loss,Closed Sicilian Defense 2...d6,B23,Jacafren60 won by resignation,10:00,Unknown,1511,1517,-6,47,93,26,7,2,0,26,67,https://www.chess.com/game/live/170810440124
2026.06.28,11:40:28,black,john1shoe,NafsinFerdous,john1shoe,loss,Queens Pawn Opening Chigorin Variation 2...e6 3.Bf4,D00,john1shoe won by resignation,10:00,Unknown,1498,1511,-13,30,60,15,3,2,0,15,45,https://www.chess.com/game/live/170832619306
2026.07.01,11:40:49,black,Orik44532,NafsinFerdous,Orik44532,draw,Kings Indian Attack 2...Nc6 3.Bg2 e5 4.d3,A07,Game drawn by agreement,10:00,Unknown,1498,520,978,10,20,7,0,1,0,10,10,https://www.chess.com/game/live/170970409866
2026.07.01,11:42:53,white,NafsinFerdous,Orik44532,Orik44532,win,Caro Kann Defense Exchange Variation 3...cxd5 4.Nf3 Nc6,B13,NafsinFerdous won by checkmate,10:00,Unknown,1498,520,978,32,63,18,10,1,0,16,47,https://www.chess.com/game/live/170970487734
2026.07.01,11:47:34,black,Orik44532,NafsinFerdous,Orik44532,win,Queens Gambit Accepted Gunsberg Defense with 3 c5 4.e3 cxd4 5.exd4,D21,NafsinFerdous won by resignation,10:00,Unknown,1498,520,978,44,88,26,8,1,0,18,70,https://www.chess.com/game/live/170970663362
2026.07.01,20:37:10,white,NafsinFerdous,RumGalloRum,RumGalloRum,loss,Scotch Game...4.Nxd4 Nxd4 5.Qxd4 d6,C45,RumGalloRum won by resignation,5:00,Unknown,1263,1286,-23,42,84,20,9,2,0,18,66,https://www.chess.com/game/live/170991704136
2026.07.01,20:46:38,white,NafsinFerdous,Karbofos89,Karbofos89,loss,Sicilian Defense Open Accelerated Dragon Modern Variation 5...Nf6 6.Be3 Bg7,B34,Karbofos89 won by resignation,5:00,Unknown,1255,1262,-7,29,58,13,7,2,0,12,46,https://www.chess.com/game/live/170992026784
2026.07.01,20:55:33,black,ElemehnoP,NafsinFerdous,ElemehnoP,win,Sicilian Defense Open Classical Variation 6.Bb5 Bd7,B56,NafsinFerdous won by checkmate,5:00,Unknown,1263,1228,35,24,48,15,4,1,0,9,39,https://www.chess.com/game/live/170992341642
2026.07.02,16:13:20,black,Tahosin9000,NafsinFerdous,Tahosin9000,win,Magnus Sicilian 3...cxd4,B23,NafsinFerdous won by checkmate,5:00,Unknown,1263,688,575,15,30,6,2,1,0,11,19,https://www.chess.com/game/live/171026725390
2026.07.02,16:18:47,white,NafsinFerdous,Tahosin9000,Tahosin9000,win,Scandinavian Defense,B01,NafsinFerdous won by checkmate,5:00,Unknown,1263,688,575,35,69,21,6,2,0,13,56,https://www.chess.com/game/live/171026963548
2026.07.02,20:56:46,white,NafsinFerdous,EssTee_15,EssTee_15,win,Caro Kann Defense Exchange Variation 3...cxd5 4.Nf3 Nc6,B13,NafsinFerdous won by checkmate,5:00,Unknown,1271,1238,33,22,43,12,5,1,0,12,31,https://www.chess.com/game/live/171037828994
2026.07.02,21:02:05,white,NafsinFerdous,zak-aria,zak-aria,win,Scandinavian Defense Mieses Kotrc Main Line...6.Ne5 c6 7.Bc4 e6 8.O O,B01,NafsinFerdous won by resignation,5:00,Unknown,1279,1280,-1,25,49,16,1,2,0,12,37,https://www.chess.com/game/live/171038005308
2026.07.02,21:08:39,black,iliev1712,NafsinFerdous,iliev1712,loss,Sicilian Defense Bowdler Attack 2...e6,B20,iliev1712 won on time,5:00,Unknown,1271,1293,-22,42,83,18,7,2,0,27,56,https://www.chess.com/game/live/171038226104
2026.07.03,19:19:53,black,guillermoacostac,NafsinFerdous,guillermoacostac,win,Alapin Sicilian Defense 2...d6,B22,NafsinFerdous won by resignation,5:00,Unknown,1280,1291,-11,55,110,28,11,2,2,32,78,https://www.chess.com/game/live/171079651832
2026.07.03,19:31:54,white,NafsinFerdous,Titoune240,Titoune240,win,Ruy Lopez Opening Old Steinitz Defense 4.d4,C62,NafsinFerdous won by checkmate,5:00,Unknown,1288,1262,26,25,49,16,5,2,0,13,36,https://www.chess.com/game/live/171080078266
2026.07.05,07:14:33,white,NafsinFerdous,Paparcanin,Paparcanin,loss,Petrovs Defense Classical Cozio Attack 5...Qe7 6.d3,C42,Paparcanin won - game abandoned,5:00,Unknown,1280,1283,-3,36,72,21,14,0,0,11,61,https://www.chess.com/game/live/171141074038
2026.07.05,07:23:48,black,Vinothkumarkvp,NafsinFerdous,Vinothkumarkvp,win,Kings Fianchetto Opening Sicilian Invitation 2.Bg2,A00,NafsinFerdous won on time,5:00,Unknown,1288,1262,26,53,106,26,11,1,3,41,65,https://www.chess.com/game/live/171141330298
2026.07.05,07:34:41,white,NafsinFerdous,Vinothkumarkvp,Vinothkumarkvp,win,Modern Defense with 1 e4 2.d4 Bg7,B06,NafsinFerdous won by checkmate,5:00,Unknown,1295,1255,40,58,115,29,9,2,1,37,78,https://www.chess.com/game/live/171141636812
2026.07.05,07:43:06,black,Vinothkumarkvp,NafsinFerdous,Vinothkumarkvp,loss,Kings Fianchetto Opening 1...e5 2.Bg2 d5,A00,Vinothkumarkvp won by resignation,5:00,Unknown,1286,1264,22,39,77,27,8,1,0,32,45,https://www.chess.com/game/live/171141876368
2026.07.06,10:49:35,black,tusharkandpal1210,NafsinFerdous,tusharkandpal1210,win,Nimzowitsch Larsen Attack Classical Variation 2.Bb2,A01,NafsinFerdous won by resignation,2:00 + 1s,Unknown,1102,1070,32,18,36,11,1,2,0,13,23,https://www.chess.com/game/live/171192002426
2026.07.06,10:52:58,white,NafsinFerdous,isquinita76,isquinita76,loss,Scandinavian Defense Mieses Kotrc Variation 3.Nc3 Qd8 4.d4 Nf6 5.Bc4,B01,isquinita76 won by checkmate,2:00 + 1s,Unknown,1075,1128,-53,29,58,16,7,1,0,13,45,https://www.chess.com/game/live/171192119996
2026.07.06,10:57:25,black,0fleix,NafsinFerdous,0fleix,win,Sicilian Defense Open Dragon Rauzer Variation,B76,NafsinFerdous won by checkmate,2:00 + 1s,Unknown,1105,1120,-15,23,46,10,2,2,1,16,30,https://www.chess.com/game/live/171192273628
2026.07.07,21:33:55,white,NafsinFerdous,x-4563695194,x-4563695194,win,French Defense Exchange Variation 3...exd5 4.Nf3 Nf6,C01,NafsinFerdous won by resignation,10:00,Unknown,1510,1474,36,15,29,11,1,2,0,6,23,https://www.chess.com/game/live/171261935692
2026.07.07,21:38:18,black,Sesshomaru6,NafsinFerdous,Sesshomaru6,win,Sicilian Defense Open Variation 4...Nf6 5.Bd3,B54,NafsinFerdous won by resignation,10:00,Unknown,1522,1490,32,39,78,19,6,2,0,19,59,https://www.chess.com/game/live/171262067398
2026.07.09,19:40:00,white,NafsinFerdous,psycho_x_adnan,psycho_x_adnan,win,Scotch Game...4.Nxd4 Nxd4 5.Qxd4 d6,C45,NafsinFerdous won by resignation,10:00,Unknown,1522,1112,410,26,51,11,6,2,0,11,40,https://www.chess.com/game/live/171349943984
2026.07.10,17:42:37,black,psycho_x_adnan,NafsinFerdous,psycho_x_adnan,win,Queens Pawn Opening Chigorin Irish Gambit,D00,NafsinFerdous won - game abandoned,10:00,Unknown,1522,1112,410,23,46,10,2,1,0,13,33,https://www.chess.com/game/live/171391352040
2026.07.13,22:10:58,white,NafsinFerdous,Keith_dunkin2,Keith_dunkin2,loss,French Defense Exchange Variation 3...exd5,C01,Keith_dunkin2 won by resignation,3:00,Unknown,1277,1272,5,26,52,15,4,2,0,13,39,https://www.chess.com/game/live/171536230676
2026.07.13,22:18:28,black,JDubbyDubby,NafsinFerdous,JDubbyDubby,win,Alapin Sicilian Defense...3.d4 cxd4 4.cxd4 Nf6 5.Nc3,B22,NafsinFerdous won on time,3:00,Unknown,1285,1246,39,42,84,24,6,1,1,25,59,https://www.chess.com/game/live/171536449652
2026.07.13,22:24:37,white,NafsinFerdous,mortad0,mortad0,loss,Sicilian Defense Open 3...cxd4 4.Nxd4,B33,mortad0 won on time,3:00,Unknown,1277,1275,2,42,84,25,9,2,0,19,65,https://www.chess.com/game/live/171536624832
2026.07.14,06:09:41,black,hvush,NafsinFerdous,hvush,loss,Queens Pawn Opening Chigorin Variation 2...e6 3.Bf4,D00,hvush won on time,5:00,Unknown,1269,1285,-16,57,113,23,11,1,0,31,82,https://www.chess.com/game/live/171547595096
2026.07.14,06:18:17,white,NafsinFerdous,parkyouwin,parkyouwin,loss,Sicilian Defense Open Accelerated Dragon Modern Variation 5...Bg7 6.Be3,B34,parkyouwin won by resignation,5:00,Unknown,1261,1268,-7,18,36,12,0,2,0,15,21,https://www.chess.com/game/live/171547812956
2026.07.14,09:32:38,black,rich_art,NafsinFerdous,rich_art,loss,Kings Pawn Opening 1...e5,C20,rich_art won by resignation,10:00,Unknown,1509,1517,-8,19,38,3,2,1,0,12,26,https://www.chess.com/game/live/171553378500
2026.07.14,09:38:39,white,NafsinFerdous,BushurovGroup,BushurovGroup,win,French Defense Normal Variation...4.Nf3 Nf6 5.exd5 exd5 6.Bb5,C10,NafsinFerdous won by resignation,10:00,Unknown,1521,1505,16,32,63,18,5,1,0,21,42,https://www.chess.com/game/live/171553572448
2026.07.14,19:35:56,white,NafsinFerdous,Rand1211,Rand1211,win,Caro Kann Defense 2.Nc3 d5,B10,NafsinFerdous won by checkmate,10:00,Unknown,1532,1493,39,19,37,10,1,1,0,16,21,https://www.chess.com/game/live/171577317132
2026.07.14,19:47:20,black,Brieyan,NafsinFerdous,Brieyan,loss,Scotch Game Scotch Gambit Dubois Reti Defense,C45,Brieyan won by resignation,10:00,Unknown,1520,1521,-1,79,157,29,23,2,1,20,137,https://www.chess.com/game/live/171577647072
2026.07.14,20:18:45,black,krs83,NafsinFerdous,krs83,loss,French Defense Knight Variation,C00,krs83 won by resignation,5:00,Unknown,1253,1259,-6,18,35,6,0,2,0,11,24,https://www.chess.com/game/live/171578833722
2026.07.14,20:21:55,white,NafsinFerdous,skytown,skytown,win,Philidor Defense Exchange Variation 4.Nxd4 Nf6 5.Nc3,C41,NafsinFerdous won by checkmate,5:00,Unknown,1261,1251,10,43,85,20,8,2,0,18,67,https://www.chess.com/game/live/171578919742
2026.07.15,21:13:25,black,Che2splay,NafsinFerdous,Che2splay,draw,Birds Opening Dutch Variation 2.Nf3 c5 3.e3,A03,Game drawn by repetition,10:00,Unknown,1520,1534,-14,38,75,20,11,2,0,17,58,https://www.chess.com/game/live/171624967076
2026.07.15,21:24:30,white,NafsinFerdous,light_cow,light_cow,win,Ruy Lopez Opening Classical Defense,C64,NafsinFerdous won by resignation,10:00,Unknown,1531,1525,6,17,33,6,4,1,0,6,27,https://www.chess.com/game/live/171625314982
2026.07.15,21:36:21,white,NafsinFerdous,Goblinshou,Goblinshou,loss,Ruy Lopez Opening,C60,Goblinshou won by checkmate,5:00,Unknown,1253,1258,-5,30,60,13,5,2,0,15,45,https://www.chess.com/game/live/171625691554
2026.07.16,08:04:46,black,nucho,NafsinFerdous,nucho,loss,Sicilian Defense Bowdler Attack 2...e6,B20,nucho won by resignation,10:00,Unknown,1521,1546,-25,12,23,7,0,2,1,10,13,https://www.chess.com/game/live/171639574024
2026.07.16,08:06:54,white,NafsinFerdous,Tseren008,Tseren008,win,French Defense Knight Variation,C00,NafsinFerdous won by resignation,10:00,Unknown,1531,1494,37,36,71,19,5,1,1,29,42,https://www.chess.com/game/live/171639633104
2026.07.16,08:25:42,black,Ulugbekk7199,NafsinFerdous,Ulugbekk7199,win,Scotch Game 3...exd4,C45,NafsinFerdous won by resignation,10:00,Unknown,1541,1514,27,33,66,20,1,1,0,22,44,https://www.chess.com/game/live/171640030948
2026.07.16,08:35:47,black,dento88iraq88,NafsinFerdous,dento88iraq88,win,Sicilian Defense,B20,NafsinFerdous won by checkmate,5:00,Unknown,1261,1255,6,31,62,10,3,1,0,16,46,https://www.chess.com/game/live/171640152810
2026.07.16,20:10:07,white,NafsinFerdous,Cevich00n,Cevich00n,win,Ruy Lopez Opening Berlin Improved Steinitz Defense 5.d4,C66,NafsinFerdous won by resignation,5:00,Unknown,1268,1222,46,23,45,13,7,1,0,13,32,https://www.chess.com/game/live/171664854238
2026.07.16,20:14:57,black,Wolfgangerl,NafsinFerdous,Wolfgangerl,loss,Queens Gambit Declined Queens Knight Variation 3...dxc4 4.e4,D31,Wolfgangerl won by resignation,10:00,Unknown,1531,1531,0,10,19,5,1,1,0,9,10,https://www.chess.com/game/live/171665030104
2026.07.16,20:16:54,white,NafsinFerdous,MohamadKer,MohamadKer,win,Ruy Lopez Opening Classical Central Variation,C64,NafsinFerdous won by checkmate,10:00,Unknown,1541,1541,0,29,57,15,5,2,0,17,40,https://www.chess.com/game/live/171665100230
2026.07.18,12:58:16,black,krachmar9,NafsinFerdous,krachmar9,loss,Sicilian Defense Mengarini Variation,B20,krachmar9 won by resignation,5:00,Unknown,1260,1282,-22,21,41,4,0,2,0,15,26,https://www.chess.com/game/live/171738817462
2026.07.18,21:06:09,white,NafsinFerdous,DENATOM_BREST,DENATOM_BREST,loss,Ruy Lopez Opening Old Steinitz Defense 4.O O Bd7,C62,DENATOM_BREST won by resignation,10:00,Unknown,1531,1534,-3,37,73,19,7,2,0,20,53,https://www.chess.com/game/live/171757912054
2026.07.18,21:19:44,white,NafsinFerdous,Moski1994,Moski1994,win,Caro Kann Defense Exchange Variation 3...cxd5 4.Nf3 Nc6,B13,NafsinFerdous won by resignation,10:00,Unknown,1540,1519,21,38,75,19,1,2,1,20,55,https://www.chess.com/game/live/171758288504
2026.07.19,08:11:13,black,Nuukipluto,NafsinFerdous,Nuukipluto,win,Sicilian Defense Old Sicilian Variation 3.Bc4 e6,B30,NafsinFerdous won by resignation,10:00,Unknown,1549,1516,33,36,72,15,0,2,0,22,50,https://www.chess.com/game/live/171774142000
2026.07.21,19:13:13,black,madamaxim,NafsinFerdous,madamaxim,loss,Queens Pawn Opening 1...d5 2.c3,D00,madamaxim won by resignation,10:00,Unknown,1541,1574,-33,25,49,15,4,2,0,18,31,https://www.chess.com/game/live/171887811056
2026.07.21,19:18:33,white,NafsinFerdous,hanifhutabarat,hanifhutabarat,win,Scotch Game Classical Variation 5.Nxc6 bxc6,C45,NafsinFerdous won by checkmate,10:00,Unknown,1550,1533,17,25,49,11,1,2,0,16,33,https://www.chess.com/game/live/171888018872
2026.07.21,19:30:12,white,NafsinFerdous,Omarsharina23,Omarsharina23,draw,Ruy Lopez Opening,C60,Game drawn by agreement,10:00,Unknown,1550,1552,-2,15,29,4,0,2,0,11,18,https://www.chess.com/game/live/171888469390
2026.07.21,19:34:01,black,Omarsharina23,NafsinFerdous,Omarsharina23,win,Sicilian Defense Open Dragon Variation 6.Bg5 Bg7,B70,NafsinFerdous won by checkmate,10:00,Unknown,1558,1543,15,66,132,28,6,2,2,35,97,https://www.chess.com/game/live/171888617060
2026.07.22,19:59:12,black,MBbognor,NafsinFerdous,MBbognor,loss,Queens Pawn Opening Chigorin Irish Gambit,D00,MBbognor won by resignation,10:00,Unknown,1549,1547,2,17,34,11,3,1,0,10,24,https://www.chess.com/game/live/171935974832
2026.07.22,20:04:45,white,NafsinFerdous,Kalashnikev16,Kalashnikev16,win,Philidor Defense Exchange Variation...5.Nc3 Be7 6.Bd3 O O,C41,NafsinFerdous won by resignation,10:00,Unknown,1557,1533,24,17,34,8,0,2,0,9,25,https://www.chess.com/game/live/171936178572
2026.07.22,20:09:52,white,NafsinFerdous,ivanmarkos,ivanmarkos,win,Ruy Lopez Opening Berlin Improved Steinitz Defense,C66,NafsinFerdous won by resignation,10:00,Unknown,1565,1549,16,18,36,13,3,1,0,11,25,https://www.chess.com/game/live/171936366376
2026.07.22,20:13:51,black,058m,NafsinFerdous,058m,loss,Queens Pawn Opening Accelerated London System,D00,058m won by resignation,10:00,Unknown,1557,1589,-32,26,51,12,4,1,0,15,36,https://www.chess.com/game/live/171936512006
2026.07.22,20:19:49,black,Coach-Hikaru,NafsinFerdous,Coach-Hikaru,win,Van t Kruijs Opening 1...d5,A00,NafsinFerdous won by checkmate,-,Unknown,1557,2000,-443,37,74,18,5,2,1,23,51,https://www.chess.com/game/daily/188031938
2026.07.23,18:23:44,white,NafsinFerdous,Miladi7777,Miladi7777,win,Philidor Defense Exchange Variation...5.Nc3 Be7 6.Bd3 O O 7.O O,C41,NafsinFerdous won - game abandoned,10:00,Unknown,1565,1531,34,17,33,7,1,2,0,12,21,https://www.chess.com/game/live/171978499332
2026.07.23,18:48:23,white,NafsinFerdous,psycho_x_adnan,psycho_x_adnan,loss,Ruy Lopez Opening Jaenisch Gambit,C63,psycho_x_adnan won by resignation,10:00,Unknown,1565,1132,433,51,102,25,9,2,0,29,73,https://www.chess.com/game/live/171979470712
2026.07.23,19:05:12,black,psycho_x_adnan,NafsinFerdous,psycho_x_adnan,win,Scandinavian Defense 2.exd5,B01,NafsinFerdous won by resignation,10:00,Unknown,1565,1132,433,24,48,17,4,1,0,16,32,https://www.chess.com/game/live/171980123506
2026.07.23,19:12:13,white,NafsinFerdous,psycho_x_adnan,psycho_x_adnan,loss,Scotch Game...4.Nxd4 Nxd4 5.Qxd4 d6,C45,psycho_x_adnan won by resignation,10:00,Unknown,1565,1132,433,14,28,9,1,1,0,8,20,https://www.chess.com/game/live/171980392650
2026.07.23,19:16:53,black,psycho_x_adnan,NafsinFerdous,psycho_x_adnan,loss,Alapin Sicilian Defense...3.d4 cxd4 4.cxd4 Nf6 5.Nc3,B22,psycho_x_adnan won by resignation,10:00,Unknown,1565,1132,433,47,93,19,2,2,0,26,67,https://www.chess.com/game/live/171980571520
2026.07.24,10:13:21,white,NafsinFerdous,Gizmo962,Gizmo962,loss,Four Knights Game Scotch Variation Accepted 5.Nxd4 Bc5 6.Nxc6 bxc6,C47,Gizmo962 won by checkmate,10:00,Unknown,1565,1312,253,14,28,7,3,2,0,6,22,https://www.chess.com/game/live/172004940438
2026.07.24,10:15:42,white,NafsinFerdous,Yukidaruma-san,Yukidaruma-san,loss,Giuoco Piano Game Giuoco Pianissimo Variation,C50,Yukidaruma-san won by resignation,10:00,Unknown,1565,1474,91,42,84,23,10,2,0,16,68,https://www.chess.com/game/live/172005019218
2026.07.24,10:29:20,white,NafsinFerdous,rodcourt,rodcourt,loss,London System 3...c5 4.e3 cxd4 5.exd4,D02,rodcourt won by resignation,10:00,Unknown,1565,1641,-76,13,25,8,3,0,0,8,17,https://www.chess.com/game/live/172005483390
2026.07.24,10:57:03,black,RDSH1970,NafsinFerdous,RDSH1970,win,Sicilian Defense Smith Morra Gambit Accepted,B21,NafsinFerdous won by resignation,10:00,Unknown,1573,1561,12,16,32,10,1,2,0,12,20,https://www.chess.com/game/live/172006456250
2026.07.24,17:19:06,white,NafsinFerdous,DocentSerg,DocentSerg,win,Bishops Opening,C23,NafsinFerdous won by checkmate,10:00,Unknown,1573,864,709,33,65,23,9,1,0,16,49,https://www.chess.com/game/live/172022253838
2026.07.25,08:52:04,white,NafsinFerdous,DOB8079,DOB8079,win,Owens Defense...3.Nc3 e6 4.Nf3 Bb4,B00,NafsinFerdous won by resignation,5:00,Unknown,1268,1269,-1,41,81,21,5,2,0,21,60,https://www.chess.com/game/live/172048456390
2026.07.25,09:02:35,black,hhgffffgjh,NafsinFerdous,hhgffffgjh,win,Indian Game Spielmann Indian Variation...4.Nxd4 e5 5.Nb3 d5 6.Bg2,A46,NafsinFerdous won by resignation,3:00,Unknown,1276,1281,-5,19,38,12,2,2,0,9,29,https://www.chess.com/game/live/172048779970
2026.07.25,09:05:44,white,NafsinFerdous,Jibs69007,Jibs69007,loss,Scandinavian Defense Mieses Kotrc Main Line 4.d4 Nf6 5.Bd2 c6,B01,Jibs69007 won on time,3:00,Unknown,1268,1288,-20,36,72,17,4,2,0,27,45,https://www.chess.com/game/live/172048877020
2026.07.25,12:27:13,black,srijan8405,NafsinFerdous,srijan8405,loss,Queens Pawn Opening 1...d5 2.e3 c5,D00,srijan8405 won on time,1:00,Unknown,1078,1102,-24,42,83,21,12,1,0,21,62,https://www.chess.com/game/live/172055726386
2026.07.25,12:29:48,black,beefjerkysnack,NafsinFerdous,beefjerkysnack,loss,Petrovs Defense,C42,beefjerkysnack won on time,1:00,Unknown,1078,1001,77,28,55,19,10,1,0,8,47,https://www.chess.com/game/live/172055823738
2026.07.25,12:31:56,black,Floccx,NafsinFerdous,Floccx,loss,Queens Gambit Declined Chigorin Defense 3.e3 e5 4.cxd5,D07,Floccx won on time,0:30,Unknown,1078,1607,-529,20,39,18,3,1,0,11,28,https://www.chess.com/game/live/172055903576
2026.07.25,12:33:19,black,Seidoncar,NafsinFerdous,Seidoncar,win,Scandinavian Defense,B01,NafsinFerdous won on time,1:00,Unknown,1078,771,307,41,82,20,1,1,1,25,57,https://www.chess.com/game/live/172055955126
2026.07.25,12:36:59,white,NafsinFerdous,SRThom,SRThom,loss,Sicilian Defense Open Accelerated Dragon Exchange Variation 5...bxc6,B34,SRThom won on time,1:00,Unknown,1078,1808,-730,33,66,12,3,2,0,15,51,https://www.chess.com/game/live/172056093282
2026.07.25,22:04:18,white,NafsinFerdous,lordnivis,lordnivis,loss,Owens Defense 2.d4 Bb7 3.Nc3 e6 4.Nf3,B00,lordnivis won by checkmate,2:00 + 1s,Unknown,1053,1077,-24,50,100,26,8,1,1,25,75,https://www.chess.com/game/live/172077578126
2026.07.25,22:09:59,black,enderksenobojca,NafsinFerdous,enderksenobojca,win,Scandinavian Defense,B01,NafsinFerdous won on time,2:00 + 1s,Unknown,1076,1044,32,31,62,20,6,1,0,16,46,https://www.chess.com/game/live/172077736226
2026.07.25,22:15:03,black,rocstat,NafsinFerdous,rocstat,win,Scandinavian Defense 2.exd5,B01,NafsinFerdous won by checkmate,2:00 + 1s,Unknown,1098,1084,14,24,48,11,2,2,0,13,35,https://www.chess.com/game/live/172077875810
2026.07.26,13:07:49,white,NafsinFerdous,fiset911,fiset911,loss,Ruy Lopez Opening Berlin Improved Steinitz Defense 5.Re1 Bd7,C66,fiset911 won on time,3:00,Unknown,1260,1293,-33,53,106,25,2,2,0,32,74,https://www.chess.com/game/live/172102681370
2026.07.26,17:57:11,white,NafsinFerdous,Buturki1,Buturki1,loss,Scandinavian Defense,B01,Buturki1 won on time,5:00,Unknown,1252,1265,-13,36,72,17,4,2,0,16,56,https://www.chess.com/game/live/172114651188
2026.07.26,18:05:21,black,asaf767,NafsinFerdous,asaf767,win,Sicilian Defense 2.d3 Nc6,B20,NafsinFerdous won by resignation,5:00,Unknown,1259,1223,36,38,76,16,3,2,1,23,53,https://www.chess.com/game/live/172114977120
2026.07.26,18:15:50,white,NafsinFerdous,JahanbakhshQashangAsiabar,JahanbakhshQashangAsiabar,win,French Defense Knight Variation,C00,NafsinFerdous won by resignation,10:00,Unknown,1581,1568,13,36,71,19,4,2,0,18,53,https://www.chess.com/game/live/172115393780
2026.07.28,12:55:43,black,Neumivenica,NafsinFerdous,Neumivenica,loss,Sicilian Defense Delayed Alapin Variation 3...Nf6 4.Bc4 e6,B50,Neumivenica won by resignation,10:00,Unknown,1573,1587,-14,30,59,16,2,2,0,20,39,https://www.chess.com/game/live/172194743086
2026.07.28,13:07:36,black,GENOCHS,NafsinFerdous,GENOCHS,win,Caro Kann Defense Panov Attack...5.Nc3 dxc4 6.Bxc4 e6,B13,NafsinFerdous won by checkmate,10:00,Unknown,1581,1556,25,46,92,21,8,2,0,26,66,https://www.chess.com/game/live/172195225524
2026.07.29,08:36:17,white,NafsinFerdous,psycho_x_adnan,psycho_x_adnan,loss,Italian Game,C50,psycho_x_adnan won by resignation,10:00,Unknown,1581,1142,439,20,40,12,4,2,0,9,31,https://www.chess.com/game/live/172232564790
2026.07.29,08:41:49,black,psycho_x_adnan,NafsinFerdous,psycho_x_adnan,win,Vienna Game Frankenstein Dracula Variation,C27,NafsinFerdous won by resignation,10:00,Unknown,1581,1142,439,27,54,19,5,2,0,10,44,https://www.chess.com/game/live/172232732352
2026.07.29,08:50:08,white,NafsinFerdous,psycho_x_adnan,psycho_x_adnan,win,Ruy Lopez Opening Jaenisch Exchange Variation,C63,NafsinFerdous won by resignation,10:00,Unknown,1581,1142,439,11,21,7,2,0,0,7,14,https://www.chess.com/game/live/172232987756
2026.07.29,08:54:21,black,psycho_x_adnan,NafsinFerdous,psycho_x_adnan,win,Scandinavian Defense 2.exd5,B01,NafsinFerdous won - game abandoned,10:00,Unknown,1581,1142,439,22,44,10,2,2,0,16,28,https://www.chess.com/game/live/172233117316
2026.07.29,20:28:23,white,NafsinFerdous,ochesterD,ochesterD,loss,Sicilian Defense Open Pelikan and Sveshnikov Exchange Variation 6...bxc6,B33,ochesterD won by resignation,10:00,Unknown,1572,1566,6,33,66,15,1,2,0,21,45,https://www.chess.com/game/live/172260461190
2026.07.29,20:42:48,white,NafsinFerdous,kelyktryana,kelyktryana,win,Kings Pawn Opening Kings Knight Elephant Paulsen Countergambit 4.Qe2,C40,NafsinFerdous won by resignation,10:00,Unknown,1580,1577,3,37,73,24,10,2,1,21,52,https://www.chess.com/game/live/172260973760
2026.07.29,20:53:56,black,kelyktryana,NafsinFerdous,kelyktryana,win,Sicilian Defense Bowdler Attack,B20,NafsinFerdous won by resignation,10:00,Unknown,1588,1569,19,30,60,18,8,1,0,16,44,https://www.chess.com/game/live/172261361866
2026.07.29,21:01:41,white,NafsinFerdous,kelyktryana,kelyktryana,win,Scotch Game 3...exd4 4.Nxd4,C45,NafsinFerdous won by resignation,10:00,Unknown,1596,1561,35,42,83,19,9,1,1,25,58,https://www.chess.com/game/live/172261626062
2026.07.29,21:11:56,black,kelyktryana,NafsinFerdous,kelyktryana,win,Sicilian Defense McDonnell Attack 2...d6,B21,NafsinFerdous won by resignation,10:00,Unknown,1603,1554,49,37,74,20,6,2,0,23,51,https://www.chess.com/game/live/172261968488
2026.07.30,20:45:14,black,saifvazir,NafsinFerdous,saifvazir,loss,Sicilian Defense 2.Nf3 d6 3.Bc4 e6,B50,saifvazir won by checkmate,5:00,Unknown,1251,1252,-1,26,51,13,8,2,0,9,42,https://www.chess.com/game/live/172307330132
2026.07.30,20:53:50,white,NafsinFerdous,ahmadifar,ahmadifar,win,Ruy Lopez Opening Old Steinitz Defense 4.d4 Bd7 5.O O,C62,NafsinFerdous won by resignation,5:00,Unknown,1259,1261,-2,27,53,17,4,2,0,10,43,https://www.chess.com/game/live/172307625668
2026.07.30,21:04:26,black,zgfndk,NafsinFerdous,zgfndk,loss,Sicilian Defense Open Variation 4...Nf6,B54,zgfndk won by resignation,10:00,Unknown,1595,1605,-10,20,39,8,4,1,0,13,26,https://www.chess.com/game/live/172307982438
2026.07.30,21:09:41,white,NafsinFerdous,Tanagra_Escarlata,Tanagra_Escarlata,win,Sicilian Defense Open 3...cxd4 4.Nxd4 d6 5.Nc3,B33,NafsinFerdous won on time,10:00,Unknown,1603,1586,17,87,173,25,25,2,0,29,144,https://www.chess.com/game/live/172308156588
2026.07.31,06:00:40,black,INGeborg43,NafsinFerdous,INGeborg43,win,Kings Gambit Declined Queens Knight Defense 3.Nf3,C30,NafsinFerdous won by resignation,10:00,Unknown,1610,1572,38,28,56,21,5,1,0,15,41,https://www.chess.com/game/live/172321093780
2026.07.31,09:53:55,black,flopy-bouncer,NafsinFerdous,flopy-bouncer,loss,Scandinavian Defense 2.e5,B01,flopy-bouncer won by checkmate,10:00,Unknown,1610,1790,-180,13,25,7,1,1,0,9,16,https://www.chess.com/game/live/172327859732
2026.07.31,16:43:50,black,Tahosin9000,NafsinFerdous,Tahosin9000,win,Closed Sicilian Defense 2...d6,B23,NafsinFerdous won by checkmate,10:00,Unknown,1610,315,1295,31,62,16,5,2,0,19,43,https://www.chess.com/game/live/172344285844
2026.07.31,16:52:20,black,Tahosin9000,NafsinFerdous,Tahosin9000,win,Kings Pawn Opening Tortoise Opening,C20,NafsinFerdous won by resignation,10:00,Unknown,1610,315,1295,12,24,7,0,1,0,7,17,https://www.chess.com/game/live/172344646400
2026.08.02,13:10:07,black,gambito1725,NafsinFerdous,gambito1725,win,Sicilian Defense 2.Nf3 d6 3.Bc4 e6,B50,NafsinFerdous won by checkmate,5:00,Unknown,1266,1229,37,24,48,12,4,2,0,14,34,https://www.chess.com/game/live/172425024128
2026.08.02,17:06:10,white,NafsinFerdous,Ishwar8504,Ishwar8504,loss,Caro Kann Defense Exchange Variation 3...cxd5 4.Nf3 Nc6,B13,Ishwar8504 won by resignation,5:00,Unknown,1257,1249,8,26,51,10,1,2,1,16,35,https://www.chess.com/game/live/172434752310
2026.08.02,17:10:41,white,NafsinFerdous,molitocrack,molitocrack,loss,Ruy Lopez Opening Old Steinitz Defense 4.d4 Bd7 5.O O,C62,molitocrack won by resignation,5:00,Unknown,1249,1246,3,12,24,8,1,2,0,6,18,https://www.chess.com/game/live/172434937766
2026.08.09,18:53:01,black,SergeWest,NafsinFerdous,SergeWest,loss,Sicilian Defense Open Dragon Variation 6.Be3 Bg7 7.Qd2,B72,SergeWest won by resignation,5:00,Unknown,1241,1247,-6,38,75,22,4,2,0,24,51,https://www.chess.com/game/live/172761674304
2026.08.10,19:53:47,white,NafsinFerdous,TheGranSonofMoses,TheGranSonofMoses,win,Ruy Lopez Opening Jaenisch Gambit,C63,NafsinFerdous won by resignation,5:00,Unknown,1249,1212,37,9,17,5,0,1,0,6,11,https://www.chess.com/game/live/172810136654
2026.08.10,19:55:37,white,NafsinFerdous,Dimedra,Dimedra,win,Philidor Defense,C41,NafsinFerdous won by resignation,5:00,Unknown,1257,1237,20,23,45,11,0,1,0,11,34,https://www.chess.com/game/live/172810204352
2026.08.11,14:57:19,black,psycho_x_adnan,NafsinFerdous,psycho_x_adnan,win,Alapin Sicilian Defense...3.d4 cxd4 4.cxd4 Nf6 5.Nc3,B22,NafsinFerdous won by checkmate,10:00,Unknown,1610,1198,412,18,36,7,2,2,0,12,24,https://www.chess.com/game/live/172844823666
2026.08.11,15:02:38,white,NafsinFerdous,psycho_x_adnan,psycho_x_adnan,win,Ruy Lopez Opening Jaenisch Exchange Variation 4...dxc6,C63,NafsinFerdous won by resignation,10:00,Unknown,1610,1198,412,6,11,4,1,0,0,5,6,https://www.chess.com/game/live/172845060416
2026.08.11,15:04:01,black,psycho_x_adnan,NafsinFerdous,psycho_x_adnan,win,French Defense Rubinstein Variation 4.Nxe4,C10,NafsinFerdous won by resignation,10:00,Unknown,1610,1198,412,22,44,18,4,2,0,9,35,https://www.chess.com/game/live/172845122066
2026.08.11,15:09:21,white,NafsinFerdous,psycho_x_adnan,psycho_x_adnan,win,Ruy Lopez Opening,C60,NafsinFerdous won - game abandoned,10:00,Unknown,1610,1198,412,34,67,15,1,2,0,20,47,https://www.chess.com/game/live/172845359328
2026.08.16,18:47:04,white,NafsinFerdous,anandapand,anandapand,loss,Sicilian Defense French Variation 3.d4,B40,anandapand won on time,5:00,Unknown,1249,1277,-28,51,102,18,18,0,0,20,82,https://www.chess.com/game/live/173088007190
2026.08.17,10:37:24,black,Kingbodonti28,NafsinFerdous,Kingbodonti28,win,Sicilian Defense Open Classical Variation 6.Bb5 Bd7 7.O O,B56,NafsinFerdous won by resignation,10:00,Unknown,1610,696,914,21,42,16,3,1,0,18,24,https://www.chess.com/game/live/173114261770
2026.08.18,08:43:29,black,anthony12321234,NafsinFerdous,anthony12321234,loss,Sicilian Defense Open Variation,B54,anthony12321234 won by checkmate,10:00,Unknown,1602,1617,-15,16,31,6,3,2,0,7,24,https://www.chess.com/game/live/173159134624
2026.08.18,18:23:30,black,Soft-ish,NafsinFerdous,Soft-ish,loss,English Opening Anglo Scandinavian Defense 2.cxd5 Qxd5 3.Nc3,A10,Soft-ish won by resignation,10:00,Unknown,1595,1632,-37,15,29,8,0,2,0,9,20,https://www.chess.com/game/live/173183392070
2026.08.18,18:25:55,white,NafsinFerdous,Ankit8109,Ankit8109,win,Scotch Game 3...exd4 4.Nxd4 Nxd4 5.Qxd4,C45,NafsinFerdous won - game abandoned,10:00,Unknown,1603,1574,29,29,57,13,1,2,0,17,40,https://www.chess.com/game/live/173183494458
2026.08.19,11:23:32,black,Kingbodonti28,NafsinFerdous,Kingbodonti28,win,Sicilian Defense Open Dragon Variation,B70,NafsinFerdous won by resignation,10:00,Unknown,1603,733,870,16,32,12,2,2,0,10,22,https://www.chess.com/game/live/173213757712
2026.08.19,11:27:54,white,NafsinFerdous,Kingbodonti28,Kingbodonti28,win,Ruy Lopez Opening Morphy Defense Columbus Variation...5.O O b5 6.Bb3 Bc5 7.c3,C78,NafsinFerdous won by resignation,10:00,Unknown,1603,733,870,49,97,28,7,2,0,28,69,https://www.chess.com/game/live/173213929490
2026.08.19,11:43:43,white,NafsinFerdous,psycho_x_adnan,psycho_x_adnan,win,Kings Gambit 2...d6,C30,NafsinFerdous won by resignation,10:00,Unknown,1603,1302,301,27,53,15,7,2,0,10,43,https://www.chess.com/game/live/173214559632
2026.08.21,14:51:27,black,VLADIMIRs028,NafsinFerdous,VLADIMIRs028,loss,Bishops Opening 2...Nc6 3.d3 Nf6,C23,VLADIMIRs028 won on time,10:00,Unknown,1595,1606,-11,69,137,24,9,2,0,32,105,https://www.chess.com/game/live/173320215302
2026.08.26,07:51:20,black,Kingbodonti28,NafsinFerdous,Kingbodonti28,win,Sicilian Defense Canal Main Line 4.Bxd7 Qxd7,B52,NafsinFerdous won by resignation,10:00,Unknown,1595,806,789,12,24,6,2,2,0,8,16,https://www.chess.com/game/live/173543792278
2026.08.26,07:56:20,black,ATIKSHARIAR,NafsinFerdous,ATIKSHARIAR,win,Sicilian Defense,B20,NafsinFerdous won by resignation,10:00,Unknown,1595,927,668,25,50,10,5,2,0,13,37,https://www.chess.com/game/live/173543944718
2026.08.26,08:02:48,white,NafsinFerdous,ATIKSHARIAR,ATIKSHARIAR,win,Queens Pawn Opening 1...d5 2.c3,D00,NafsinFerdous won by resignation,10:00,Unknown,1595,927,668,29,57,13,5,1,1,17,40,https://www.chess.com/game/live/173544141048
2026.08.26,21:48:56,black,baboulir,NafsinFerdous,baboulir,win,Closed Sicilian Defense 2...d6,B23,NafsinFerdous won by checkmate,10:00,Unknown,1603,1569,34,60,120,26,18,2,3,37,83,https://www.chess.com/game/live/173577149376
2026.09.01,11:24:14,black,Kingbodonti28,NafsinFerdous,Kingbodonti28,win,Sicilian Defense Open Dragon Variation,B70,NafsinFerdous won by resignation,10:00,Unknown,1603,797,806,32,64,21,5,2,0,17,47,https://www.chess.com/game/live/173836068832
2026.09.02,04:50:34,white,NafsinFerdous,milan009,milan009,loss,Ruy Lopez Opening Birds Defense 4.Nxd4 exd4,C61,milan009 won by resignation,5:00,Unknown,1240,1245,-5,27,54,11,0,2,0,16,38,https://www.chess.com/game/live/173872206254
2026.09.03,09:24:25,black,Kingbodonti28,NafsinFerdous,Kingbodonti28,win,Sicilian Defense 2.Nf3 d6 3.Bc4 e6,B50,NafsinFerdous won by resignation,10:00,Unknown,1603,797,806,30,60,16,3,2,0,11,49,https://www.chess.com/game/live/173927682182
2026.09.03,11:20:36,white,NafsinFerdous,VladoRed,VladoRed,win,Scotch Game Classical Variation 5.Nxc6 bxc6,C45,NafsinFerdous won on time,5:00,Unknown,1248,1234,14,42,83,22,6,2,0,22,61,https://www.chess.com/game/live/173931757322
2026.09.03,11:30:25,white,NafsinFerdous,sahrul888,sahrul888,win,Scandinavian Defense Mieses Kotrc Variation 3.Nc3 Qd8 4.d4,B01,NafsinFerdous won by resignation,5:00,Unknown,1256,1225,31,40,79,21,8,2,0,21,58,https://www.chess.com/game/live/173932136794
2026.09.03,12:55:16,black,psycho_x_adnan,NafsinFerdous,psycho_x_adnan,win,Sicilian Defense Delayed Alapin Variation 3...Nf6 4.e5 dxe5 5.Nxe5,B50,NafsinFerdous won by resignation,10:00,Unknown,1603,1274,329,28,56,13,0,2,0,23,33,https://www.chess.com/game/live/173935570430
2026.09.03,13:05:24,white,NafsinFerdous,psycho_x_adnan,psycho_x_adnan,draw,Scandinavian Defense,B01,Game drawn by repetition,10:00,Unknown,1603,1274,329,72,143,29,7,2,0,32,111,https://www.chess.com/game/live/173935996786
2026.09.03,16:47:18,black,ATIKSHARIAR,NafsinFerdous,ATIKSHARIAR,win,Sicilian Defense 2.Nf3 d6 3.Bc4 e6,B50,NafsinFerdous won by resignation,10:00,Unknown,1604,998,606,30,60,17,2,2,0,25,35,https://www.chess.com/game/live/173946026038
2026.09.03,16:53:33,white,NafsinFerdous,ATIKSHARIAR,ATIKSHARIAR,win,English Opening Four Knights Quiet Line 4...g6,A28,NafsinFerdous won by resignation,10:00,Unknown,1605,998,607,16,31,6,1,2,0,12,19,https://www.chess.com/game/live/173946309994
2026.09.03,16:56:54,black,ATIKSHARIAR,NafsinFerdous,ATIKSHARIAR,win,Queens Pawn Opening,A40,NafsinFerdous won by checkmate,10:00,Unknown,1606,998,608,43,86,21,9,1,0,19,67,https://www.chess.com/game/live/173946462156
